title	authors	year	journal	link	last_authors_gender	ref_genders_first_author_of_reference_help_is_welcome_here	first_author_affiliation	continent	field_strength	vendor	scanner_model	study_type	brain_area	ge-bold_used	clinical	one_sentence_summary	comment	data_availability	doi	citation_count	gender_first_author	gender_last_author	proportion_male_in_authors
Physiological Modeling of the BOLD signal and Implications for Effective Connectivity: a primer	Kamil Uludag	2023-01-01	NeuroImage	https://doi.org/10.1016/j.neuroimage.2023.120249	M		Toronto	America	3T				visual						10.1016/j.neuroimage.2023.120249	n/a	unknown	unknown	n/a
Cortical depth-dependent human fMRI of resting-state networks using EPIK	Patricia Pais-Roldán, Seong Dae Yun, Nicola Palomero-Gallagher and N. Jon Shah	2023-01-01	Frontiers	https://doi.org/10.3389/fnins.2023.1151544	M		Juelich	Europe	7T	SIEMENS	Terra	method study	higher order	other-discussed					10.3389/fnins.2023.1151544	n/a	unknown	unknown	n/a
Imaging the columnar functional organization of human area MT+ to axis-of-motion stimuli using VASO at 7 Tesla	Alessandra Pizzuti, Laurentius (Renzo) Huber, Omer Faruk Gulban, Amaia Benitez-Andonegui, Judith Peters, Rainer Goebe	2023-01-01	Cerebral Cortex	https://doi.org/10.1093/cercor/bhad151	M		Maastricht	Europe	7T	SIEMENS	Magnetom classic	application study	visiual	other-used					10.1093/cercor/bhad151	n/a	unknown	unknown	n/a
High-Quality 0.5mm Isotropic fMRI: Random Matrix Theory Meets Physics-Driven Deep Learning	Omer Burak Demirel, Steen Moeller, Luca Vizioli, Burhaneddin Yaman, Logan Dowdle, Essa Yacoub, Kˆ amil U ̆ gurbil, and Mehmet Ak ̧ cakaya	2023-01-01	NIEEE	https://doi.org/10.1109/NER52421.2023.10123799	M		Minneapolis	America	7T	SIEMENS	Magnetom classic	method study	visual	BOLD-only					10.1109/NER52421.2023.10123799	n/a	unknown	unknown	n/a
Ultra-High Field Imaging of Human Visual Cognition	Ke Jia, Rainer Goebel, Zoe Kourtzi	2023-01-01	Annual Review of Vision Science	https://doi.org/10.1146/annurev-vision-111022-123830	W		Hangzhou	Asia	7T	SIEMENS	Magnetom classic	review	visual	other-discussed				0.0	10.1146/annurev-vision-111022-123830	n/a	unknown	unknown	n/a
Magnetic resonance imaging at 9.4 T: the Maastricht journey	Dimo Ivanov · Federico De Martino · Elia Formisano · Francisco J. Fritz · Rainer Goebel · Laurentius Huber · Sriranga Kashyap · Valentin G. Kemper · Denizhan Kurban · Alard Roebroeck · Shubharthi Sengupta · Bettina Sorger · Desmond H. Y. Tse5 · Kâmil Uludağ · Christopher J. Wiggins · Benedikt A. Poser	2023-01-01	MAGMA	https://doi.org/10.1007/s10334-023-01080-4	M	0.92	Maastricht	Europe	9.4T	SIEMENS		review	motor	other-used				1.0	10.1007/s10334-023-01080-4	n/a	unknown	unknown	n/a
What multiplexing means for the interpretation of functional MRI data	Cheryl Olman	2023-01-01	Frontiers	https://www.frontiersin.org/articles/10.3389/fnhum.2023.1134811/full	W		Minneapolis	America	7T	SIEMENS	Terra	review	vision	BOLD-only				0.0	10.3389/fnhum.2023.1134811	n/a	unknown	unknown	n/a
Layer Dependence of Monocular and Binocular Responses in Human Ocular Dominance Columns at 7T using VASO and BOLD	Akbari, A., Gati, J.S., Zeman, P., Liem, B., Menon,	2023-01-01	BioRXIV	http://biorxiv.org/lookup/doi/10.1101/2023.04.06.535924	M		London	America	7T	SIEMENS	Terra	method study	vision	other-used				2.0	10.1101/2023.04.06.535924	n/a	unknown	unknown	1.0
Evaluating Increases in Sensitivity from NORDIC for Diverse fMRI Acquisition Strategies	Logan T. Dowdle, Luca Vizioli, Steen Moeller, Mehmet Akçakaya, Cheryl Olman, Geoffrey Ghose, Essa Yacoub, Kâmil Uğurbil	2023-01-01	NeuroImage	https://doi.org/10.1016/j.neuroimage.2023.119949	M		Minneapolis	America	7T	SIEMENS	Magnetom classic	method study	vision	other-discussed				1.0	10.1016/j.neuroimage.2023.119949	n/a	unknown	unknown	n/a
Hierarchical cortical and subcortical mechanisms underlying binocular rivalry	Chencan Qian, Zhiqiang Chen, Gilles de Hollander, Tomas Knapen, Zihao Zhang, Sheng He, Peng Zhang	2023-01-01	BioRXIV	https://doi.org/10.1101/2023.02.11.528110	M		Beijing	Asia	7T	SIEMENS	Magnetom classic	application study	vision	other-used				1.0	10.1101/2023.02.11.528110	n/a	unknown	unknown	n/a
Laminar VASO fMRI in focal hand dystonia patients	Laurentius Huber., Panagiotis Kassavetis, Omer Faruk Gulban, Mark Hallett, Silvina G. Horovitz	2023-01-01	Dystonia 	https://doi.org/10.3389/dyst.2023.10806	W		Bethesda	America	7T	SIEMENS	Magnetom classic	method study	Motor	other-used				3.0	10.3389/dyst.2023.10806	n/a	unknown	unknown	n/a
Combining arterial blood contrast with BOLD increases fMRI intracortical contrast	Nikos Priovoulos1,2 | Icaro Agenor Ferreira de Oliveira1,2,3 | Benedikt A. Poser4 | David G. Norris5,6 | Wietske van der Zwaag1	2023-01-01	HBM	https://doi.org/10.1002/hbm.26227	W		Amsterdam	Europe	7T	Philips	Achieva	method study	Motor	other-used				2.0	10.1002/hbm.26227	n/a	unknown	unknown	n/a
Cerebral blood volume sensitive layer-fMRI in the human auditory cortex at 7T: Challenges and capabilities	Lonike Faes, Federico de Martino, Renzo Huber	2023-01-01	PloS One	https://doi.org/10.1371/journal.pone.0280855	M	0.78	Maastricht	Europe	7T	SIEMENS	Magnetom classic	method study	auditory	other-used				3.0	10.1371/journal.pone.0280855	n/a	unknown	unknown	n/a
Layer-specific correlates of detected and undetected auditory targets during attention	Miriam Heynckes, Agustin Lage-Castellanos, Peter De Weerd, Elia Formisano, Federico De Martino	2023-01-01	Current Research in Neurobiology	https://doi.org/10.1016/j.crneur.2023.100075	M		Maastricht	Europe	7T	SIEMENS	Magnetom classic	application study	auditory	other-discussed				2.0	10.1016/j.crneur.2023.100075	n/a	unknown	unknown	n/a
Towards functional spin-echo BOLD line-scanning in humans at 7T	Luisa Raimondo, Jurjen Heij, Tomas Knapen, Serge O. Dumoulin, Wietske van der Zwaag & Jeroen C. W. Siero 	2023-01-01	Magn Reson Mat Phy	https://doi.org/10.1007/s10334-022-01059-7	M		Amsterdam	Europe	7T	Philips	Achieva	method study	vision	other-used				2.0	10.1007/s10334-022-01059-7	n/a	unknown	unknown	n/a
Improved Selectivity in 7 T Digit Mapping Using VASO-CBV	Ícaro A. F. de Oliveira, Jeroen C. W. Siero, Serge O. Dumoulin & Wietske van der Zwaag 	2022-01-01	Brain Topography	https://doi.org/10.1007/s10548-022-00932-x	W		Amsterdam	Europe	7T	Philips	Achieva	method study	Motor	other-used				2.0	10.1007/s10548-022-00932-x	n/a	unknown	unknown	n/a
Task Demands Differentiate Regional Depth-Dependent Activity Profiles Within the Ventral Visual Pathway	Logan T Dowdle, Geoffrey Ghose, Steen Moeller, Kamil Ugurbil, Essa Yacoub, Luca Vizioli	2022-01-01	BioRXIV	https://doi.org/10.1101/2022.12.03.518973	M		Minneapolis	America	7T	SIEMENS	Magnetom classic	application study	vision	BOLD-only				1.0	10.1101/2022.12.03.518973	n/a	unknown	unknown	n/a
High resolution quantitative and functional MRI indicate lower myelination of thin and thick stripes in human secondary visual cortex	Haenelt, Daniel, 0000-0003-2310-5086; Trampel, Robert; Nasr, Shahin, 0000-0002-7546-9976; Polimeni, Jonathan R, 0000-0002-1348-1179; Tootell, Roger B. H.; Sereno, Martin, 0000-0002-7598-7829; Pine, Kerrin J.; Edwards, Luke J., 0000-0002-8320-7298; Helbling, Saskia; Weiskopf, Nikolaus, 0000-0001-5239-1881	2022-01-01	BioRXIV	https://doi.org/10.1101/2022.04.28.489865	M		Leipzig	Europe	7T	SIEMENS	Magnetom classic	application study	vision	BOLD-only				3.0	10.1101/2022.04.28.489865	0	male	male	1.0
Robust high spatio-temporal line-scanning fMRI in humans at 7T using multi-echo readouts, denoising and prospective motion correction	Raimondo, Luisa, 0000-0002-8450-0904; Priovoulos, Nikos; Passarinho, Catarina; Heij, Jurjen; Knapen, Tomas; Dumoulin, Serge O.; Siero, Jeroen C.W.; Van Der Zwaag, Wietske	2022-01-01	Journal Of Neuroscience Methods	https://doi.org/10.1016/j.jneumeth.2022.109746	W		Amsterdam	Europe	7T	Philips	Achieva	method study	vision	BOLD-only				2.0	10.1016/j.jneumeth.2022.109746	0	female	female	1.0
Laminar functional magnetic resonance imaging in vision research	Demirayak, Pinar; Deshpande, Gopikrishna; Visscher, Kristina	2022-01-01	Frontiers In Neuroscience	https://www.frontiersin.org/articles/10.3389/fnins.2022.910443/full	W		Auburn	America	7T	SIEMENS	Magnetom classic	review	vision	other-discussed				1.0	10.3389/fnins.2022.910443	0	unknown	female	1.0
Laminar fMRI using T2-prepared multi-echo FLASH	Pfaffenrot, Viktor, 0000-0002-3404-5018; Koopmans, Peter J.	2022-01-01	NeuroImage	https://doi.org/10.1016/j.neuroimage.2022.119725	M		Nijmegen/Essen	Europe	7T	SIEMENS	Magnetom classic	method study	vision	other-used				2.0	10.1016/j.neuroimage.2022.119725	0	male	male	1.0
Noninvasive Characterization of Functional Pathways in Layer-Specific Microcircuits of the Human Brain Using 7T fMRI	Deshpande, Gopikrishna, 0000-0001-7471-5357; Wang, Yun	2022-01-01	Brain Sciences	https://doi.org/10.3390/brainsci12101361	W		Auburn	America	7T	SIEMENS	Magnetom classic	application study	vision	other-discussed				2.0	10.3390/brainsci12101361	0	unknown	andy	0.0
Cortical depth profiles of auditory and visual 7 T functional MRI responses in human superior temporal areas	Lankinen, Kaisu, 0000-0003-2210-2385; Ahlfors, Seppo, 0000-0001-7674-6931; Mamashli, Fahimeh, 0000-0002-7024-943; Blazejewska, Anna I.; Raij, Tommi, 0000-0001-7439-7491; Turpin, Tori; Polimeni, Jonathan R, 0000-0002-1348-1179; Ahveninen, Jyrki, 0000-0001-9058-8669	2022-01-01	Human Brain Mapping	https://onlinelibrary.wiley.com/doi/10.1002/hbm.26046	M		Boston	America	7T	SIEMENS	Magnetom classic	application study	auditory	other-discussed				3.0	10.1002/hbm.26046	0	female	male	1.0
Acquisition and processing methods of whole-brain layer-fMRI VASO and BOLD : The Kenshu dataset . Graphical Abstract Introduction	Koiso, Kenshu, 0000-0001-5931-6294; MĂźller, Anna K, 0000-0003-2176-0861; Akamatsu, Kazuaki; Dresbach, Sebastian, 0000-0002-0018-567; Wiggins, Christopher J., 0000-0001-7144-7879; Gulban, Omer Faruk, 0000-0001-7761-3727; Goebel, Rainer, 0000-0003-1780-2467; Miyawaki, Yoichi, 0000-0001-9581-926; Poser, Benedikt A, 0000-0001-8190-4367; Huber, Laurentius, 0000-0002-3291-2202	2022-01-01	BioRXIV	https://doi.org/10.1101/2022.08.19.504502	M	0.74	Maastricht	Europe	7T	SIEMENS	Magnetom classic	method study	higher order	other-used				3.0	10.1101/2022.08.19.504502	0	unknown	male	1.0
Imaging the columnar functional organization of human area MT+ to axis-of-motion stimuli using VASO at 7 Tesla	Pizzuti, Alessandra, 0000-0002-3311-9118; Huber, Laurentius, 0000-0002-3291-2202; Gulban, Omer Faruk, 0000-0001-7761-3727; Andonegui, Amaia Benitez, 0000-0001-6364-7272; Peters, Judith, 0000-0003-0979-1016; Goebel, Rainer, 0000-0003-1780-2467	2022-01-01	BioRXIV	http://biorxiv.org/lookup/doi/10.1101/2022.07.29.502034	M		Maastricht	Europe	7T	SIEMENS	Magnetom classic	application study	vision	other-used				3.0	10.1101/2022.07.29.502034	0	female	male	1.0
Laminar VASO fMRI in focal hand dystonia patients	Huber, Laurentius, 0000-0002-3291-2202; Kassavetis, Panagiotis, 0000-0002-5377-3889; Gulban, Omer Faruk, 0000-0001-7761-3727; Hallett, Mark, 0000-0002-3180-6811; Horovitz, S G, 0000-0002-5501-5918	2022-01-01	BioRXIV	http://biorxiv.org/lookup/doi/10.1101/2022.07.28.501870	W		Maastricht	Europe	7T	SIEMENS	Magnetom classic	method study	Motor	other-used				0.0	10.1101/2022.07.28.501870	0	male	unknown	1.0
Cerebral blood volume sensitive layer-fMRI in the human auditory cortex at 7 Tesla: Challenges and capabilities	Faes, Lonike K., 0000-0001-9792-6130; De Martino, Federico, 0000-0002-0352-0648; Huber, Laurentius, 0000-0002-3291-2202	2022-01-01	BioRXIV	https://doi.org/10.1101/2022.08.02.502460	M	0.78	Maastricht	Europe	7T	SIEMENS	Magnetom classic	method study	auditory	other-used				0.0	10.1101/2022.08.02.502460	0	unknown	male	1.0
Evaluating the capabilities and challenges of layer-fMRI VASO at 3T	Huber, Laurentius, 0000-0002-3291-2202; Kronbichler, Lisa, 0000-0003-1659-706; Stirnberg, Rüdiger, 0000-0001-7021-1063; Ehses, Philipp, 0000-0002-5839-6525; Stöcker, Tony, 0000-0002-8946-9141; Fernández-Cabello, Sara, 0000-0002-2589-8449; Poser, Benedikt A, 0000-0001-8190-4367; Kronbichler, Martin, 0000-0003-2240-2812	2022-01-01	BioRXIV	https://doi.org/10.1101/2022.07.26.501554	M	0.7	Maastricht	Europe	3T	SIEMENS	Prisma	method study	vision	other-used				3.0	10.1101/2022.07.26.501554	1	male	male	1.0
Layer-specific modulation of visual responses in human visual cortex by emotional faces	Liu, Tina Fu, Jason Japee, Shruti Chai, Yuhui Ungerleider, Leslie Merriam, Elisha	2022-01-01	BioRXIV	 https://doi.org/10.1101/2022.07.10.499443	M		Bethesda	America	7T	SIEMENS	Magnetom classic	application study	vision	other-used				3.0	10.499443	n/a	andy	male	0.5
Ultrahigh Resolution fMRI at 7T Using Radial-Cartesian TURBINE Sampling	Graedel, Nadine N., 0000-0001-7473-4363; Miller, Karla L, 0000-0002-2511-3189; Chiew, Mark, 0000-0001-6272-8783	2022-01-01	Magnetic Resonance In Medicine	https://doi.org/10.1002/mrm.29359	M		Oxford	Europe	7T	SIEMENS	Magnetom classic	method study	Motor	other-discussed				3.0	10.1002/mrm.29359	0	female	male	1.0
Cross-layer Balance of Visuo-hippocampal Functional Connectivity Is Associated With Episodic Memory Recognition Accuracy	Chang, Wei-Tang; Langella, Stephanie; Seo, Min Sung; Huynh, Khoi Minh, 0000-0001-9538-2408; Yap, Pew-Thian, 0000-0003-1489-2102; Lin, Weili; Kelly Giovanello1	2022-01-01	Research Square	https://doi.org/10.21203/rs.3.rs-1789565/v1	W		Chapel Hill	America	7T	SIEMENS	Magnetom classic	application study	Hippocampus	BOLD-only				2.0	10.21203/rs.3.rs-1789565/v1	1	andy	unknown	0.25
Perceptual expectations and false percepts generate stimulus-specific activity in distinct layers of the early visual cortex	Haarsma, Joost; Deveci, Narin; Corbin, NadĂ¨ge; Callaghan, Martina F.; Kok, Peter	2022-01-01	BioRXIV	https://doi.org/10.1101/2022.04.13.488155	M		London	Europe	7T	SIEMENS	Terra	application study	vision	BOLD-only				1.0	10.1101/2022.04.13.488155	1	male	male	1.0
Feasibility of 3T layer-dependent fMRI with GE-BOLD using NORDIC and phase regression	Knudsen, Lasse; Bailey, Christopher J.; Blicher, Jakob U.; Yang, Yan; Zhang, Peng; Lund, Torben E.	2022-01-01	BioRXIV	https://doi.org/10.1101/2022.06.02.494602	M		Aarhus	Europe	3T	SIEMENS	Prisma	method study	motor	other-used				2.0	10.1101/2022.06.02.494602	0	male	male	0.8333333333333334
Relating neural oscillations to laminar fMRI connectivity in visual cortex	Scheeringa, RenĂŠ; Bonnefond, Mathilde; Van Mourik, Tim; Jensen, Ole; Norris, David G; Koopmans, Peter J	2022-01-01	Cerebral Cortex	https://doi.org/10.1093/cercor/bhac154	M		Nijmegen/Essen	Europe	3T	SIEMENS	Skyra	application study	vision	BOLD-only				3.0	10.1093/cercor/bhac154	1	unknown	unknown	1.0
Critical factors in achieving fine‐scale functional: Removing sources of inadvertent spatial smoothing.	Wang, Jianbao, 0000-0002-1774-5979; Nasr, Shahin; Roe, Anna Wang; Polimeni, Jonathan R, 0000-0002-1348-1179	2022-01-01	Human Brain Mapping	https://doi.org/10.1002/hbm.25867	M		Boston	America	7T	SIEMENS	Magnetom classic	method study	vision	BOLD-only				1.0	10.1002/hbm.25867	2	unknown	unknown	1.0
Functional Parcellation of the Hippocampus based on its Layer-specific Connectivity with Default Mode and Dorsal Attention Networks	Deshpande, Gopikrishna, 0000-0001-7471-5357; Zhao, Xinyu; Robinson, Jennifer	2022-01-01	NeuroImage	https://doi.org/10.1016/j.neuroimage.2022.119078	W		Auburn	America	7T	SIEMENS	Magnetom classic	application study	higher order	BOLD-only				2.0	10.1016/j.neuroimage.2022.119078	1	unknown	female	1.0
Predictive coding during action observation - a depth-resolved intersubject functional correlation study at 7T	Cerliani, Leonardo, 0000-0002-2655-6133; Bhandari, Ritu; De Angelis, Lorenzo, 0000-0002-1798-9383; Van Der Zwaag, Wietske; Bazin, Pierre-Louis, 0000-0002-0141-5510; Gazzola, Valeria, 0000-0003-0324-0619; Keysers, Christian, 0000-0002-2845-5467	2022-01-01	Cortex	https://doi.org/10.1016/j.cortex.2021.12.008	M		Amsterdam	Europe	7T	Philips	Achieva	application study	higher order	BOLD-only				1.0	10.1016/j.cortex.2021.12.008	1	male	male	1.0
Resting state fMRI connectivity is sensitive to laminar connectional architecture in the human brain	Deshpande, Gopikrishna, 0000-0001-7471-5357; Wang, Yun; Robinson, Jennifer	2022-01-01	Brain Informatics	https://doi.org/10.1186/s40708-021-00150-4	W		Auburn	America	7T	SIEMENS	Magnetom classic	method study	higher order	other-discussed				2.0	10.1186/s40708-021-00150-4	2	unknown	female	0.5
Benchmarking GE-BOLD, SE-BOLD, and SS-SI-VASO sequences for depth-dependent separation of feedforward and feedback signals in high-field MRI	Iamshchinina, Polina; Haenelt, Daniel; Trampel, Robert; Weiskopf, Nikolaus; Kaiser, Daniel; Cichy, Radoslaw M.	2022-01-01	BioRXIV	https://doi.org/10.1101/2021.12.10.472064	M		Berlin,	Europe	7T	SIEMENS	Magnetom classic	method study	vision	other-used				3.0	10.1101/2021.12.10.472064	0	female	unknown	1.0
Layer-specific activation in human primary somatosensory cortex during tactile temporal prediction error processing	Yu, Yinghua; Huber, Laurentius; Yang, Jiajia; Fukunaga, Masaki; Chai, Yuhui; Jangraw, David C.; Chen, Gang; Handwerker, Daniel A.; Molfese, Peter J.; Ejima, Yoshimichi; Sadato, Norihiro; Wu, Jinglong; Bandettini, Peter A.	2022-01-01	NeuroImage	https://doi.org/10.1016/j.neuroimage.2021.118867	M		Okayama	Asia	7T	SIEMENS	Magnetom classic	application study	sensory	other-used				2.0	10.1016/j.neuroimage.2021.118867	2	unknown	male	0.8888888888888888
Integration of visual motion and pursuit signals in areas V3A and V6+ across cortical depth using 9.4T fMRI	Molaei-Vaneghi, Fatemeh; Zaretskaya, Natalia; Van Mourik, Tim; Bause, Jonas; Scheffler, Klaus, 0000-0001-6316-8773; Bartels, Andreas, 0000-0002-4939-7817	2022-01-01	BioRXIV	http://biorxiv.org/lookup/doi/10.1101/2021.12.09.471881	M		Tuebingen	Europe	9.4T	SIEMENS	MAGNETOM	application study	vision	other-discussed				1.0	10.1101/2021.12.09.471881	0	female	male	1.0
The influence of non-neural factors on BOLD signal magnitude	Kurzawski, Jan, 0000-0003-2781-1236; Gulban, Omer Faruk; Jamison, Keith; Winawer, Jonathan, 0000-0001-7475-5586; Kay, Kendrick	2022-01-01	The Journal Of Neuroscience	https://doi.org/10.1523/JNEUROSCI.2532-21.2022	M		Minneapolis	America	7T	SIEMENS	Magnetom classic	method study	vision	BOLD-only				0.0	10.1523/JNEUROSCI.2532-21.2022	2	male	male	1.0
How pushing the spatiotemporal resolution of fMRI can advance neuroscience	Vizioli, Luca; Yacoub, Essa; Lewis, Laura D.	2021-01-01	Progress In Neurobiology	https://doi.org/10.1016/j.pneurobio.2021.102184	W		Minneapolis	America				review						0.0	10.1016/j.pneurobio.2021.102184	0	male	female	1.0
The many layers of BOLD. On the contribution of different vascular compartments to laminar fMRI.	Schellekens, Wouter, 0000-0001-5409-9665; Bhogal, Alex A.; Roefs, Emiel C.A.; Báez-Yáñez, Mario G.; Siero, Jeroen C.W.; Petridou, Natalia	2022-01-01	BioRXIV	https://doi.org/10.1101/2021.10.21.465359	W		Utrecht	Europe	7T	Philips	Achieva	method study	vision	other-used				3.0	10.1101/2021.10.21.465359	2	male	female	1.0
Sensitivity limitations of high-resolution perfusion-based human fMRI at 7 Tesla	De Zwart, Jacco A.; Van Gelderen, Peter; Duyn, Jeff H.	2021-01-01	Magnetic Resonance Imaging	https://doi.org/10.1016/j.mri.2021.09.014	M		Bethesda	America	7T	SIEMENS	Magnetom classic	method study	vision	other-used				1.0	10.1016/j.mri.2021.09.014	0	unknown	male	1.0
Simulating Local Deformations in the Human Cortex Due to Blood Flow-Induced Changes in Mechanical Tissue Properties: Impact on Functional Magnetic Resonance Imaging	Zoraghi, Mahsa; Scherf, Nico; Jaeger, Carsten; Sack, Ingolf; Hirsch, Sebastian; Hetzer, Stefan; Weiskopf, Nikolaus	2021-01-01	Frontiers In Neuroscience	https://doi.org/10.3389/fnins.2021.722366	M		Leipzig	Europe				method study		other-used				2.0	10.3389/fnins.2021.722366	3	female	male	1.0
Perceived and mentally rotated contents are differentially represented in cortical depth of V1	Iamshchinina, Polina, 0000-0002-4762-924; Kaiser, Daniel, 0000-0002-9007-3160; Yakupov, Renat, 0000-0002-3868-284; Haenelt, Daniel, 0000-0003-2310-5086; Sciarra, Alessandro; Mattern, Hendrik; Luesebrink, Falk; Duezel, Emrah; Speck, Oliver; Weiskopf, Nikolaus, 0000-0001-5239-1881; Cichy, Radoslaw Martin	2021-01-01	Communications Biology	http://dx.doi.org/10.1038/s42003-021-02582-4	M		Berlin	Europe	7T	SIEMENS	Magentom classic	application study	vision	other-discussed				3.0	10.1038/s42003-021-02582-4	3	female	unknown	1.0
Lowering the thermal noise barrier in functional brain mapping with magnetic resonance imaging	Vizioli, Luca, 0000-0001-9450-1647; Moeller, Steen; Dowdle, Logan T, 0000-0002-1879-705; Akcakaya, Mehmet, 0000-0001-6400-7736; De Martino, Federico, 0000-0002-0352-0648; Yacoub, Essa; Ugurbil, Kamil, 0000-0002-8475-9334	2021-01-01	Nature Communications	https://doi.org/10.1038/s41467-021-25431-8	M		Minneapolis	America	7T	SIEMENS	Magentom classic	method study	vision	BOLD-only				2.0	10.1038/s41467-021-25431-8	20	male	male	1.0
Laminar processing of numerosity supports a canonical cortical microcircuit in human parietal cortex	Van Dijk, Jelle A.; Fracasso, Alessio; Petridou, Natalia; Dumoulin, Serge O.	2021-01-01	Current Biology	https://doi.org/10.1016/j.cub.2021.07.082	M	0.8	Amsterdam	Europe	7T	Philips	Achieva	application study	higher order	BOLD-only				3.0	10.1016/j.cub.2021.07.082	3	unknown	male	1.0
Ultra-high field neuroimaging reveals fine-scale processing for 3D perception	Ng, Adrian Ka Tsun, 0000-0003-2820-5270; Jia, Ke; Goncalves, Nuno R.; Zamboni, Elisa, 0000-0001-9200-8031; Kemper, Valentin G.; Goebel, Rainer, 0000-0003-1780-2467; Welchman, Andrew E, 0000-0002-7559-3299; Kourtzi, Zoe, 0000-0001-9441-7832	2021-01-01	The Journal Of Neuroscience	https://doi.org/10.1523/JNEUROSCI.0065-21.2021	W		Cambridge	Europe	7T	SIEMENS	Magentom classic	application study	vision	other-discussed				3.0	10.1523/JNEUROSCI.0065-21.2021	3	unknown	female	0.8333333333333334
A line through the brain: implementation of human line-scanning at 7T for ultra-high spatiotemporal resolution fMRI	Raimondo, Luisa, 0000-0002-8450-0904; Knapen, Tomas; Oliveira, Äšcaro A.F; Yu, Xin; Dumoulin, Serge O; Van Der Zwaag, Wietske, 0000-0003-3223-9721; Siero, Jeroen Cw, 0000-0001-5079-2868	2021-01-01	British Journal Of Pharmacology	https://doi.org/10.1177%2F0271678X211037266	M	0.93	Amsterdam	Europe	7T	Philips	Achieva	method study	vision	other-discussed				1.0	10.1177%2F0271678X211037266	8	female	unknown	0.75
Topographical and laminar distribution of audiovisual processing within human planum temporale	Chai, Yuhui; Liu, Tina Tong, 0000-0003-0316-5356; Marrett, Sean, 0000-0001-8179-6511; Li, Linqing; Khojandi, Arman; Handwerker, Daniel A, 0000-0001-7261-4042; Alink, Arjen, 0000-0001-6468-5449; Muckli, Lars, 0000-0002-0143-4324; Bandettini, Peter A.	2021-01-01	Progress In Neurobiology	https://doi.org/10.1016/j.pneurobio.2021.102121	M	0.8	Bethesda	America	7T	SIEMENS	Magentom classic	application study	higher order	other-used				2.0	10.1016/j.pneurobio.2021.102121	2	unknown	male	0.8333333333333334
Magnetization Transfer Weighted EPI Facilitates Cortical Depth Determination in Native fMRI Space	Chai, Yuhui; Li, Linqing; Wang, Yicun, 0000-0002-4037-3288; Huber, Laurentius, 0000-0002-3291-2202; Poser, Benedikt A.; Duyn, Jeff; Bandettini, Peter A.	2021-01-01	NeuroImage	https://doi.org/10.1016/j.neuroimage.2021.118455	M	0.91	Bethesda	America	7T	SIEMENS	Magentom classic	method study	vision	other-used				3.0	10.1016/j.neuroimage.2021.118455	1	unknown	male	1.0
Improvement of sensitivity and specificity for laminar BOLD fMRI with double spin-echo EPI in humans at 7 T	Han, SoHyun; Eun, Seulgi; Cho, HyungJoon; UludaÇ§, KĂ˘mil; Kim, Seong-Gi	2021-01-01	NeuroImage	https://doi.org/10.1016/j.neuroimage.2021.118435	M	0.87	Suwon	Asia	7T	SIEMENS	Terra	method study	motor	other-used				2.0	10.1016/j.neuroimage.2021.118435	4	female	mostly_female	1.0
Linking cortical circuit models to human cognition with laminar fMRI	Yag, Jiajia Huber, Laurentius Yu, Yinghua Bandettini, Peter	2021-01-01	Neuroscience and Biobehavioral Reviews	https://doi.org/10.1016/j.neubiorev.2021.07.005 	M	0.8	Okayama	Asia				review	motor	other-used				0.0	10.1016/j.neubiorev.2021.07.005 	n/a	unknown	male	1.0
Challenges and opportunities of mesoscopic brainmapping with fMR	Bandettini, Peter A; Huber, Laurentius; Finn, Emily S	2021-01-01	Current Opinion In Behavioral Sciences	https://doi.org/10.1016/j.cobeha.2021.06.002	W	0.74	Bethesda	America				review	motor	other-used				0.0	10.1016/j.cobeha.2021.06.002	6	unknown	male	1.0
Validating Linear Systems Analysis for Laminar fMRI: Temporal Additivity for Stimulus Duration Manipulations	Van Dijk, Jelle, 0000-0003-0135-3054; Fracasso, Alessio, 0000-0002-4542-112; Petridou, Natalia, 0000-0002-0783-0387; Dumoulin, Serge O., 0000-0001-7474-7711	2021-01-01	Brain Topography	https://doi.org/10.1007/s10548-020-00808-y	M	0.88	Amsterdam	Europe	7T	Philips	Achieva	method study	higher order	other-discussed				2.0	10.1007/s10548-020-00808-y	3	male	male	1.0
Ultra-high field fMRI reveals origins of feedforward and feedback activity within laminae of human ocular dominance columns	De Hollander, Gilles, 0000-0003-1988-5091; Van Der Zwaag, Wietske, 0000-0003-3223-9721; Qian, Chencan; Zhang, Peng; Knapen, Tomas, 0000-0001-5863-8689	2021-01-01	NeuroImage	https://doi.org/10.1016/j.neuroimage.2020.117683	M	0.85	Amsterdam 	Europe	7T	Philips	Achieva	application study	vision	other-discussed				3.0	10.1016/j.neuroimage.2020.117683	10	male	male	0.75
Highly accelerated submillimeter resolution 3D GRASE with controlled T2 blurring in T2-weighted functional MRI at 7 Tesla: A feasibility study	Park, Suhyung, 0000-0002-7499-9377; Torrisi, Salvatore; Townsend, Jennifer D.; Beckett, Alexander Js, 0000-0002-7123-9559; Feinberg, David A.	2020-01-01	Magnetic Resonance In Medicine	https://doi.org/10.1002/mrm.28589	M	0.93	Berkeley	America	7T	SIEMENS	Magnetom classic	method study	vision	other-used				1.0	10.1002/mrm.28589	11	unknown	male	1.0
A protocol for ultra-high field laminar fMRI in the human brain brain	Jia, Ke; Zamboni, Elisa, 0000-0001-9200-8031; Rua, Catarina; Goncalves, Nuno Reis; Kemper, Valentin; Ng, Adrian Ka Tsun, 0000-0003-2820-5270; Rodgers, Christopher T, 0000-0003-1275-1197; Williams, Guy B, 0000-0001-5223-6654; Goebel, Rainer, 0000-0003-1780-2467; Kourtzi, Zoe	2021-01-01	STAR Protocols	https://doi.org/10.1016/j.xpro.2021.100415	W	0.92	Cambridge	Europe	7T	SIEMENS	Magnetom Terra	method study	vision	BOLD-only				2.0	10.1016/j.xpro.2021.100415	1	andy	female	0.8333333333333334
Simultaneous pure T2 and varying T2′-weighted BOLD fMRI using Echo Planar Time-resolved Imaging (EPTI) for mapping laminar fMRI responses	Chen, Jingyuan E.; Glover, Gary H.; Fultz, Nina E.; Rosen, Bruce R.; Polimeni, Jonathan R.; Lewis, Laura D.	2021-01-01	NeuroImage	https://doi.org/10.1016/j.neuroimage.2021.118658	M	0.87	Boston	America	7T	SIEMENS	Magnetom Terra	method study	vision	other-discussed				2.0	10.1016/j.neuroimage.2021.118658	4	unknown	female	1.0
Regional and depth-dependence of cortical blood-flow assessed with high-resolution Arterial Spin Labeling (ASL)	Taso, Manuel, 0000-0003-2405-9165; Munsch, Fanny; Zhao, Li; Alsop, David C	2021-01-01	British Journal Of Pharmacology	https://doi.org/10.1177%2F0271678X20982382	M	0.89	Boston	America	3T	GE	MR750	method study	multi	other-used				1.0	10.1177%2F0271678X20982382	5	male	unknown	0.6666666666666666
Mapping of Whole-Brain Resting-State Networks with Half-Millimetre	Yun, Seong Dae, 0000-0001-7398-1899; Pais, Patricia, 0000-0002-9381-3048; Palomero-Gallagher, Nicola, 0000-0003-4463-8578; Shah, N. Jon, 0000-0002-8151-6169	2021-01-01	Human Brain Mapping	https://doi.org/10.1002/hbm.25855	M	0.85	Jülich	Europe	7T	SIEMENS	Magnetom Terra	method study	higher order	other-discussed				2.0	10.1002/hbm.25855	1	andy	unknown	0.6666666666666666
Effects of phase regression on high-resolution functional MRI of the primary visual cortex	Stanley, Olivia W., 0000-0001-9164-7798; Kuurstra, Alan, 0000-0003-0902-0406; Klassen, L Martyn; Menon, Ravi S; Gati, Joseph S, 0000-0003-3205-7274	2021-01-01	NeuroImage	https://doi.org/10.1016/j.neuroimage.2020.117631	M	0.85	London OT	America	7T	SIEMENS	Magnetom classic	method study	vision	other-used				3.0	10.1016/j.neuroimage.2020.117631	6	female	unknown	1.0
Laminar perfusion imaging with zoomed arterial spin labeling at 7 Tesla	Shao, Xingfeng; Guo, Fanhua; Shou, Qinyang; Wang, Kai; Jann, Kay; Yan, Lirong; Toga, Arthur W.; Zhang, Peng; Wang, Danny J.J.	2021-01-01	NeuroImage	https://doi.org/10.1016/j.neuroimage.2021.118724	M	0.87	Los Angeles	America	7T	SIEMENS	Magnetom Terra	application study	motor	other-used				3.0	10.1016/j.neuroimage.2021.118724	2	unknown	male	0.8
Determining laminar neuronal activity from BOLD fMRI using a generative model	Uludag, Kamil, 0000-0002-2813-5930; Havlicek, Martin	2021-01-01	Progress In Neurobiology	https://doi.org/10.1016/j.pneurobio.2021.102055	M	0.8	Maastricht	Europe				review		other-used				0.0	10.1016/j.pneurobio.2021.102055	6	male	male	1.0
Sub-millimetre resolution laminar fMRI using arterial spin labelling in humans at 7T	The Plos One Staff	2021-01-01	Plos One	https://doi.org/10.1371/journal.pone.0251774	M	0.89	Maastricht	Europe	7T	SIEMENS	Magnetom classic	method study	vision	other-used				1.0	10.1371/journal.pone.0251774	0	unknown	unknown	n/a
LayNii: As software suite for layer-fMRI	Huber, Laurentius (Renzo) Poser, Benedikt A Bandettini, Peter A Arora, Kabir Wagstyl, Konrad Cho, Shinho Goense, Jozien Nothnagel, Nils Morgan, Andrew Tyler Van Den Hurk, Job Reynold, Richard C Glen, Daniel R Goebel, Rainer W Gulban, Omer Faruk	2021-01-01	NeuroImage	https://doi.org/10.1016/j.neuroimage.2021.118091 	M	0.48	Maastricht	Europe	7T	SIEMENS	Magnetom classic	method study	 	other-used				3.0	10.1016/j.neuroimage.2021.118091 	n/a	unknown	unknown	n/a
Validating layer-specific VASO across species	Huber, Laurentius Renzo Poser, Benedikt A Kaas, Amanda L Fear, Elizabeth J Berwick, Jason Goebel, Rainer Turner, Robert Kennerley, Aneurin J	2021-01-01	NeuroImage	https://doi.org/10.1016/j.neuroimage.2021.118195 	M	0.83	Maastricht	Europe	7T	SIEMENS	Magnetom classic	method study	sensory	other-used				2.0	10.1016/j.neuroimage.2021.118195 	n/a	unknown	unknown	n/a
Topographical layer imaging as a tool to track neurodegenerative disease spread in M1	Schreiber, Stefanie, 0000-0003-4439-4374; Northall, Alicia, 0000-0002-5435-7916; Weber, Miriam; Vielhaber, Stefan; Kuehn, Esther	2021-01-01	Nature Reviews Neuroscience	https://doi.org/10.1038/s41583-020-00404-w	W	0.5	Magdeburg	Europe				review	motor					0.0	10.1038/s41583-020-00404-w	3	female	female	1.0
Ultrahigh field and ultrahigh resolution fMRI	Ugurbil, Kamil, 0000-0002-8475-9334	2021-01-01	Current Opinion In Biomedical Engineering	https://doi.org/10.1016/j.cobme.2021.100288	M	0.92	Minneapolis	America				review						0.0	10.1016/j.cobme.2021.100288	4	unknown	unknown	1.0
Laminar fMRI using T2-prepared multi-echo FLASH	Pfaffenrot, Viktor; Voelker, Maximilian N.; Kashyap, Sriranga; Koopmans, Peter J, 0000-0003-1785-9594	2021-01-01	NeuroImage	https://doi.org/10.1016/j.neuroimage.2021.118163	M		Nijmegen/Essen	Europe	7T	SIEMENS	Magnetom classic	method study	vision	other-used				2.0	10.1016/j.neuroimage.2021.118163	3	male	unknown	1.0
Investigation of layer specific BOLD during visual attention in the human visual cortex	Van Mourik, Tim, 0000-0002-8155-8641; Koopmans, Peter J, 0000-0003-1785-9594; Bains, Lauren J.; Norris, David, 0000-0002-3699-6917; Jehee, Janneke, 0000-0003-2727-4848	2021-01-01	eLife	https://doi.org/10.1101/2021.02.07.430129	W	0.83	Nijmegen/Essen	Europe	7T	SIEMENS	Magnetom classic	application study	vision	BOLD-only				3.0	10.1101/2021.02.07.430129	1	male	female	1.0
Estimation of laminar BOLD activation profiles using deconvolution with a physiological point spread function	Markuerkiaga, Irati; Marques, JosĂŠ P.; Gallagher, Tara E.; Norris, David G.	2021-01-01	Journal Of Neuroscience Methods	https://doi.org/10.1016/j.jneumeth.2021.109095	M		Nijmegen/Essen	Europe	7T	SIEMENS	Magnetom classic	method study	vision	other-discussed				0.0	10.1016/j.jneumeth.2021.109095	5	unknown	male	1.0
BOLD sensitivity and vessel size specificity along CPMG and GRASE echo trains	Scheffler, Klaus, 0000-0001-6316-8773; Engelmann, Jรถrn; Heule, Rahel, 0000-0002-4589-6483	2021-01-01	Magnetic Resonance In Medicine	https://doi.org/10.1002/mrm.28871	W		Tübingen	Europe				modeling study		other-used				1.0	10.1002/mrm.28871	1	male	female	1.0
Zooming-in on higher-level vision: High-resolution fMRI for understanding visual perception and awareness	Zaretskaya, Natalia, 0000-0003-4562-7045	2021-01-01	Progress In Neurobiology	https://doi.org/10.1016/j.pneurobio.2021.101998	W	0.85	Tübingen	Europe				review	vision	BOLD-only				0.0	10.1016/j.pneurobio.2021.101998	4	unknown	unknown	1.0
Point-spread function of the BOLD response across columns and cortical depth in human extra-striate cortex	Fracasso, Alessio, 0000-0002-4542-112; Dumoulin, Serge O.; Petridou, Natalia, 0000-0002-0783-0387	2021-01-01	Progress In Neurobiology	https://doi.org/10.1016/j.pneurobio.2021.102034	W		Utrecht	Europe	7T	Philips	Achieva	method study	vision	BOLD-only				1.0	10.1016/j.pneurobio.2021.102034	8	male	female	1.0
Modelling the depth-dependent VASO and BOLD responses in human primary visual cortex	Akbari, Atena, 0000-0002-0530-1772; Bollmann, Saskia, 0000-0001-8242-8008; Ali, Tonima S.; Barth, Markus	2022-01-01	Human Brain Mapping	https://doi.org/10.1002/hbm.26094	M	0.88	Queensland	Australia	7T	SIEMENS	Magnetom classic	modeling study	vision	other-used				1.0	10.1002/hbm.26094	2	female	male	1.0
An in-vivo study of BOLD laminar responses as a function of echo time and magnetic field	Markuerkiaga, Irati, 0000-0003-0872-3628; Marques, JosĂŠ P.; Bains, Lauren J.; Norris, David G.	2020-01-01	Scientific Reports	https://doi.org/10.1038/s41598-021-81249-w	M	0.8	Nijmegen/Essen	Europe	1.5T, 3T, 7T	SIEMENS	Magnetom classic	method study	vision	other-discussed				2.0	10.1038/s41598-021-81249-w	3	unknown	male	1.0
Linear systems analysis for laminar fMRI: Evaluating BOLD amplitude scaling for luminance contrast manipulations	Van Dijk, Jelle, 0000-0003-0135-3054; Fracasso, Alessio, 0000-0002-4542-112; Petridou, Natalia; Dumoulin, Serge O.	2020-01-01	Scientific Reports	https://doi.org/10.1038/s41598-020-62165-x	M	0.89	Amsterdam	Europe	7T	Philips	Achieva	method study	vision	other-discussed				2.0	10.1038/s41598-020-62165-x	15	male	male	1.0
Robust functional mapping of layer-selective responses in human lateral geniculate nucleus with high-resolution 7T fMRI	Qian, Yazhu; Zou, Jinyou; Zhang, Zihao; An, Jing; Zuo, Zhentao; Zhuo, Yan; Wang, Jiongjiong, 0000-0002-0840-7062; Zhang, Peng, 0000-0002-9603-8454	2020-01-01	Proceedings Of The Royal Society Of London. Series B: Biological Sciences	https://doi.org/10.1098/rspb.2020.0245	M		Beijing	Asia	7T	SIEMENS	Magnetom classic	application study	vision	other-used				3.0	10.1098/rspb.2020.0245	6	unknown	andy	0.3333333333333333
Layer-dependent multiplicative effects of spatial attention on contrast responses in human early visual cortex	Liu, Chengwen; Guo, Fanhua; Qian, Chencan; Zhang, Zihao; Sun, Kaibao; Wang, Jiongjiong, 0000-0002-0840-7062; He, Sheng; Zhang, Peng	2020-01-01	Progress In Neurobiology	https://doi.org/10.1016/j.pneurobio.2020.101897	M		Beijing 	Asia	7T	SIEMENS	Magnetom classic	application study	vision	other-used				1.0	10.1016/j.pneurobio.2020.101897	7	unknown	andy	0.0
Comparison of BOLD and CBV using 3D EPI and 3D GRASE for cortical layer fMRI at 7T	Beckett, Alexander Js, 0000-0002-7123-9559; Dadakova, Tetiana; Townsend, Jennifer; Huber, Laurentius, 0000-0002-3291-2202; Park, Suhyung, 0000-0002-7499-9377; Feinberg, David A.	2020-01-01	Magnetic Resonance In Medicine	https://doi.org/10.1002/mrm.28347	M	0.88	Berkeley	America	7T	SIEMENS	Magnetom classic	method study	motor	other-used				1.0	10.1002/mrm.28347	18	unknown	male	1.0
Higher and deeper: Bringing layer fMRI to association cortex	Finn, Emily S.; Huber, Laurentius; Bandettini, Peter A.	2020-01-01	Progress In Neurobiology	https://doi.org/10.1016/j.pneurobio.2020.101930	M	0.8	Bethesda	America	7T	SIEMENS	Magnetom classic	review	higher order	other-used				0.0	10.1016/j.pneurobio.2020.101930	12	female	male	1.0
Layer-Specific Contributions to Imagined and Executed Hand Movements in Human Primary MotorCortex	Persichetti, Andrew S, 0000-0002-1580-8497; Avery, Jason A.; Huber, Laurentius, 0000-0002-3291-2202; Merriam, Elisha P.; Martin, Alex	2020-01-01	Current Biology	https://doi.org/10.1016/j.cub.2020.02.046	M		Bethesda	America	7T	SIEMENS	Magnetom classic	application study	motor	other-used				3.0	10.1016/j.cub.2020.02.046	21	unknown	male	1.0
Sub-Millimeter FMRI Reveals Multiple Topographical Digit Representations That Form Action Maps in Human Motor Cortex	Huber, Laurentius, 0000-0002-3291-2202; Finn, Emily S.; Handwerker, Daniel A.; Bรถnstrup, Marlene; Glen, Daniel, 0000-0001-8456-5647; Kashyap, Sriranga, 0000-0003-0307-9773; Ivanov, Dimo, 0000-0001-9387-5823; Petridou, Natalia; Marrett, Sean; Goense, Jozien; Poser, Benedikt A.; Bandettini, Peter A.	2020-01-01	NeuroImage	https://doi.org/10.1016/j.neuroimage.2019.116463	M	0.87	Bethesda	America	7T	SIEMENS	Magnetom classic	method study	motor	other-used		there are multile finger representations in Human M1		3.0	10.1016/j.neuroimage.2019.116463	56	male	male	1.0
Ultra-high spatial resolution BOLD fMRI in humans using combined segmented-accelerated VFA-FLEET with a recursive RF pulse design	Berman, Avery, 0000-0001-7631-1049; Grissom, William A, 0000-0002-3289-1827; Witzel, Thomas; Nasr, Shahin; Park, Daniel J.; Setsompop, Kawin, 0000-0003-0455-7634; Polimeni, Jonathan R, 0000-0002-1348-1179	2020-01-01	Magnetic Resonance In Medicine	https://doi.org/10.1002/mrm.28415	M		Boston	America	7T	SIEMENS	Magnetom classic	method study	vision	other-discussed				1.0	10.1002/mrm.28415	11	andy	unknown	0.75
Correcting for Superficial Bias in 7T Gradient Echo fMRI	Huang, Pei; Correia, Marta M.; Rua, Catarina; Rodgers, Christopher T.; Henson, Richard N.; Carlin, Johan D.	2021-01-01	Frontiers In Neuroscience	https://doi.org/10.3389/fnins.2021.715549	M	0.81	Cambridge	Europe	7T	SIEMENS	Magnetom Terra	method study	vision	other-discussed				3.0	10.3389/fnins.2021.715549	2	andy	male	0.8333333333333334
Fine-scale computations for adaptive processing in the human brain	Zamboni, Elisa, 0000-0001-9200-8031; Kemper, Valentin G; Goncalves, Nuno Reis; Jia, Ke; Karlaftis, Vasilis M, 0000-0003-1285-1593; Bell, Samuel, 0000-0002-9437-5449; Giorgio, Joseph; Rideaux, Reuben, 0000-0001-8416-005; Goebel, Rainer, 0000-0003-1780-2467; Kourtzi, Zoe, 0000-0001-9441-7832	2020-01-01	eLife	https://doi.org/10.7554/eLife.57637	W		Cambridge	Europe	7T	SIEMENS	Magnetom classic	application study	vision	other-used				3.0	10.7554/eLife.57637	4	female	female	0.8571428571428571
Recurrent Processing Drives Perceptual Plasticity	Jia, Ke; Zamboni, Elisa; Kemper, Valentin; Rua, Catarina; Goncalves, Nuno Reis; Ng, Adrian Ka Tsun, 0000-0003-2820-5270; Rodgers, Christopher T.; Williams, Guy; Goebel, Rainer, 0000-0003-1780-2467; Kourtzi, Zoe	2020-01-01	Current Biology	https://doi.org/10.1016/j.cub.2020.08.016	M	0.74	Cambridge	Europe	7T	SIEMENS	Magnetom Terra	application study	vision	other-discussed				2.0	10.1016/j.cub.2020.08.016	19	andy	female	0.875
Suppressive recurrent and feedback computations for adaptive processing in the human brain	Zamboni, Elisa, 0000-0001-9200-8031; Kemper, Valentin G; Goncalves, Nuno Reis; Jia, Ke; Karlaftis, Vasilis M, 0000-0003-1285-1593; Bell, Samuel, 0000-0002-9437-5449; Giorgio, Joseph; Rideaux, Reuben, 0000-0001-8416-005; Goebel, Rainer, 0000-0003-1780-2467; Kourtzi, Zoe, 0000-0001-9441-7832	2020-01-01	eLife	http://dx.doi.org/10.7554/eLife.57637	W		Cambridge	Europe	7T	SIEMENS	Magnetom classic	application study	vision	other-used				0.0	10.7554/eLife.57637	4	female	female	0.8571428571428571
High-resolution line-scanning reveals distinct visual response properties across human cortical layers	Morgan, Andrew T, 0000-0001-6017-2179; Nothnagel, Nils, 0000-0002-7027-3368; Petro, Lucy S, 0000-0002-8255-5776; Goense, Jozien; Muckli, Lars, 0000-0002-0143-4324	2020-01-01	BioRXIV	https://doi.org/10.1101/2020.06.30.179762	M	0.9	Glasgow	Europe	7T	SIEMENS	Magnetom Terra	application study	vision	BOLD-only				1.0	10.1101/2020.06.30.179762	5	mostly_male	male	1.0
Cortical depth-dependent human fMRI of resting-state networks using EPIK	Pais-Roldán, Patricia Yun, Seong Dae Palomero-Gallagher, Nicola Shah, N. Jon	2020-01-01	BioRXIV	https://doi.org/10.1101/2020.12.07.414144%0A	M		Jülich	Europe	7T	SIEMENS	Magnetom Terra	application study	higher order	other-discussed				2.0	10.1101/2020.12.07.414144%0A	n/a	unknown	unknown	n/a
Relating quantitative 7T MRI across cortical depths to cytoarchitectonics, gene expression and connectomics: A framework for tracking neurodegenerative disease	McColgan, Peter; Helbling, Saskia; VaculÄiakovĂĄ, Lenka, 0000-0002-7557-9307; Pine, Kerrin; Wagstyl, Konrad; Attar, Fakhereh Movahedian; Edwards, Luke; Papoutsi, Marina; Wei, Yongbin; Van Den Heuvel, Martijn Pieter; Tabrizi, Sarah, 0000-0003-2716-2045; Rees, Geraint; Weiskopf, Nikolaus	2021-01-01	Human Brain Mapping	https://doi.org/10.1002/hbm.25595	M	0.75	Leipzig	Europe				review	motor					1.0	10.1002/hbm.25595	10	male	male	1.0
Cortical Laminar Resting-State Fluctuations Scale with the Hypercapnic Bold Response	Guidi, Maria; Huber, Laurentius, 0000-0002-3291-2202; Lampe, Leonie; Merola, Alberto; Ihle, Kristin; Möller, Harald E., 0000-0002-5659-1925	2020-01-01	Human Brain Mapping	https://doi.org/10.1002/hbm.24926	M	0.79	Leipzig	Europe	7T	SIEMENS	Magnetom classic	method study	motor	other-used				2.0	10.1002/hbm.24926	15	female	male	1.0
The promise of layer-specific neuroimaging for testing predictive coding theories of psychosis	Haarsma, Joost, 0000-0001-7024-1422; Kok, Peter, 0000-0001-5153-4959; Browning, M.	2020-01-01	Schizophrenia Research	https://doi.org/10.1016/j.schres.2020.10.009	M		London UK	Europe				review		other-used				0.0	10.1016/j.schres.2020.10.009	8	male	unknown	1.0
The human motor cortex microcircuit: insights for neurodegenerative disease	Mccolgan, Peter Joubert, Julie Tabrizi, Sarah J Rees, Geraint 	2020-01-01	Nature Reviews Neuroscience	https://doi.org/10.1038/s41583-020-0315-1 	W		London UK	Europe				review	motor					0.0	10.1038/s41583-020-0315-1 	n/a	unknown	male	1.0
Prior expectations evoke stimulus templates in the deep layers of V1	Aitken, Fraser, 0000-0001-9125-7327; Menelaou, Georgios, 0000-0003-0171-6310; Warrington, Oliver, 0000-0002-3592-7071; Koolschijn, RenĂŠe S.; Corbin, NadĂ¨ge, 0000-0003-3296-4544; Callaghan, Martina F, 0000-0003-0374-1659; Kok, Peter, 0000-0001-5153-4959	2020-01-01	PLOS Biology	https://doi.org/10.1371/journal.pbio.3001023	M	0.81	London UK	Europe	7T	SIEMENS	Magnetom classic	application study	vision	BOLD-only				1.0	10.1371/journal.pbio.3001023	16	male	male	1.0
Using high spatial resolution fMRI to understand representation in the auditory network	Moerel, Michelle; Yacoub, Essa; Gulban, Omer Faruk; Lage-Castellanos, Agustin; De Martino, Federico, 0000-0002-0352-0648	2020-01-01	Progress In Neurobiology	https://doi.org/10.1016/j.pneurobio.2020.101887	M		Maastricht	Europe	7T	SIEMENS	Magnetom classic	review	auditory	other-used				0.0	10.1016/j.pneurobio.2020.101887	7	female	male	1.0
Layer-dependent functional connectivity methods	Huber, Laurentius, 0000-0002-3291-2202; Finn, Emily S.; Chai, Yuhui; Goebel, Rainer, 0000-0003-1780-2467; Stirnberg, RĂźdiger, 0000-0001-7021-1063; StĂścker, Tony; Marrett, Sean; Uludag, Kamil; Kim, Seong-Gi; Han, SoHyun; Bandettini, Peter A.; Poser, Benedikt A.	2020-01-01	Progress In Neurobiology	https://doi.org/10.1016/j.pneurobio.2020.101835	M	0.79	Maastricht	Europe	7T	SIEMENS	Magnetom classic	method study	higher order	other-used				3.0	10.1016/j.pneurobio.2020.101835	41	male	male	1.0
Feedback contribution to surface motion perception in the human early visual cortex	Ingo Marquardt, Peter De Weerd,  Marian Schneider,   Omer Faruk Gulban,  Dimo Ivanov,   Kâmil Uludağ	2020-01-01	eLife	https://doi.org/10.7554/eLife.50933 	M		Maastricht	Europe	7T	SIEMENS	Magnetom classic	application study	vision	BOLD-only				3.0	10.7554/eLife.50933 	n/a	unknown	unknown	n/a
Encoding schemes in somatosensation: From micro- to meta-topography	Kuehn, Esther; Pleger, Burkhard	2020-01-01	NeuroImage	https://doi.org/10.1016/j.neuroimage.2020.117255	M		Magdeburg	Europe				review	sensory					0.0	10.1016/j.neuroimage.2020.117255	8	female	male	1.0
Forging a path to mesoscopic imaging success with ultra-high field functional magnetic resonance imaging	Weldon, Kimberly B., 0000-0003-4349-9916; Olman, Cheryl, 0000-0002-7324-6461	2020-01-01	Philosophical Transactions Of The Royal Society B: Biological Sciences	https://doi.org/10.1098/rstb.2020.0040	W		Minneapolis	America	7T	SIEMENS	Magnetom classic	review	vision	other-used				3.0	10.1098/rstb.2020.0040	10	mostly_female	female	1.0
Depth-dependent functional MRI responses to chromatic and achromatic stimuli throughout V1 and V2	Navarro, Karen T., 0000-0002-4254-7376; Sanchez, Marisa J., 0000-0002-5699-8485; Engel, Stephen A, 0000-0002-5241-6433; Olman, Cheryl, 0000-0002-7324-6461; Weldon, Kimberly B., 0000-0003-4349-9916	2020-01-01	NeuroImage	https://doi.org/10.1016/j.neuroimage.2020.117520	W	0.72	Minneapolis	America	7T	SIEMENS	Magnetom classic	application study	vision	BOLD-only				3.0	10.1016/j.neuroimage.2020.117520	4	female	mostly_female	1.0
A temporal decomposition method for identifying venous effects in task-based fMRI	Kay, Kendrick, 0000-0001-6604-9155; Jamison, Keith, 0000-0001-7139-6661; Zhang, Ru-Yuan; UÄurbil, Kamil	2020-01-01	Nature Chemical Biology	http://dx.doi.org/10.1038/s41592-020-0941-6	M	0.85	Minneapolis	America	7T	SIEMENS	Magnetom classic	method study	vision	other-discussed				3.0	10.1038/s41592-020-0941-6	20	male	male	0.75
Multivoxel Pattern of Blood Oxygen Level Dependent Activity can be sensitive to stimulus specific fine scale responses	Vizioli, Luca; De Martino, Federico, 0000-0002-0352-0648; Petro, Lucy S.; Kersten, Daniel; Ugurbil, Kamil; Yacoub, Essa; Muckli, Lars, 0000-0002-0143-4324	2020-01-01	Scientific Reports	https://doi.org/10.1038/s41598-020-64044-x	M		Minneapolis	America	7T	SIEMENS	Magnetom classic	method study	vision	BOLD-only				1.0	10.1038/s41598-020-64044-x	8	male	male	1.0
Relating neural oscillations to laminar fMRI connectivity	Scheeringa, RenĂŠ; Bonnefond, Mathilde; Van Mourik, Tim; Jensen, Ole; Norris, David G; Koopmans, Peter J	2022-01-01	Cerebral Cortex	https://doi.org/10.1093/cercor/bhac154	M		Nijmegen/Essen	Europe	3T	SIEMENS	Trio	method study	vision	BOLD-only				3.0	10.1093/cercor/bhac154	1	unknown	unknown	1.0
New acquisition techniques and their prospects for the achievable resolution of fMRI	Bollmann, Saskia, 0000-0001-8242-8008; Barth, Markus, 0000-0002-0520-1843	2020-01-01	Progress In Neurobiology	https://doi.org/10.1016/j.pneurobio.2020.101936	M		Queensland	Australia				review		other-used				0.0	10.1016/j.pneurobio.2020.101936	10	female	male	1.0
Ultra-high-resolution fMRI of human ventral temporal cortex reveals differential representation of categories and domains	Margalit, Eshed, 0000-0003-0841-7444; Jamison, Keith, 0000-0001-7139-6661; Weiner, Kevin, 0000-0002-8734-5049; Vizioli, Luca; Zhang, Ruyuan, 0000-0002-0654-715; Kay, Kendrick, 0000-0001-6604-9155; Grill-Spector, Kalanit, 0000-0002-5404-9606	2020-01-01	The Journal Of Neuroscience	https://doi.org/10.1523/JNEUROSCI.2106-19.2020	W		Stanford	America	7T	SIEMENS	Magnetom classic	application study	higher order	BOLD-only				1.0	10.1523/JNEUROSCI.2106-19.2020	17	unknown	female	1.0
Eye-selective fMRI activity in human primary visual cortex: Comparison between 3T and 9.4T, and effects across cortical depth	Zaretskaya, Natalia, 0000-0003-4562-7045; Bause, Jonas; Polimeni, Jonathan R, 0000-0002-1348-1179; Grassi, Pablo R.; Scheffler, Klaus; Bartels, Andreas, 0000-0002-4939-7817	2020-01-01	NeuroImage	https://doi.org/10.1016/j.neuroimage.2020.117078	M		Tübingen	Europe	9.4T	SIEMENS	Magnetom classic	method study	vision	BOLD-only				2.0	10.1016/j.neuroimage.2020.117078	9	female	male	1.0
A statistical 3D model of the human cortical vasculature to compute the hemodynamic fingerprint of the BOLD fMRI signal	Báez-Yáñez, Mario Gilberto; Siero, Jeroen C.W.; Petridou, Natalia	2020-01-01	BioRXIV	https://doi.org/10.1101/2020.10.05.326512	W	0.85	Utrecht	Europe				modeling study		BOLD-only				0.0	10.1101/2020.10.05.326512	2	unknown	female	1.0
Pushing functional MRI spatial and temporal resolution further: High‐density receive arrays combined with shot‐selective 2D CAIPIRINHA for 3D echo‐planar imaging at 7 T	Hendriks, Arjan D., 0000-0002-0363-2471; D'Agata, Federico; Raimondo, Luisa; Schakel, Tim; Geerts, Liesbeth; Luijten, Peter R.; Klomp, Dennis W.J.; Petridou, Natalia	2020-01-01	NMR In Biomedicine	https://doi.org/10.1002/nbm.4281	W		Utrecht	Europe	7T	Philips	Achieva	method study	vision	BOLD-only				1.0	10.1002/nbm.4281	14	male	female	1.0
Layer-specific activation of sensory input and predictive feedback in the human primary somatosensory cortex	Yu, Yinghua; Huber, Laurentius, 0000-0002-3291-2202; Yang, Jiajia, 0000-0001-7521-9814; Jangraw, David C., 0000-0002-2470-7647; Handwerker, Daniel A, 0000-0001-7261-4042; Molfese, Peter J., 0000-0002-3045-9408; Chen, Gang, 0000-0002-2960-089; Ejima, Yoshimichi; Wu, Jinglong; Bandettini, Peter A.	2019-01-01	Science Advances	https://doi.org/10.1126/sciadv.aav9053	M		Bethesda	America	7T	SIEMENS	Magnetom classic	application study	sensory	other-used				2.0	10.1126/sciadv.aav9053	38	unknown	male	0.8333333333333334
Layer-Dependent Activity in Human Prefrontal Cortex during Working Memory	Finn, Emily S, 0000-0001-8591-3068; Huber, Laurentius, 0000-0002-3291-2202; Jangraw, David C.; Molfese, Peter J.; Bandettini, Peter A.	2019-01-01	Nature Neuroscience	https://doi.org/10.1038/s41593-019-0487-z	M	0.74	Bethesda	America	7T	SIEMENS	Magnetom classic	application study	higher order	other-used				3.0	10.1038/s41593-019-0487-z	89	male	male	1.0
Integrated VASO and perfusion contrast: A new tool for laminar functional MRI	Chai, Yuhui; Li, Linqing; Huber, Larentius; Poser, Benedikt A.; Bandettini, Peter A.	2019-01-01	NeuroImage	https://doi.org/10.1016/j.neuroimage.2019.116358	M		Bethesda	America	7T	SIEMENS	Magnetom classic	method study	motor	other-used				1.0	10.1016/j.neuroimage.2019.116358	26	unknown	male	1.0
Non-BOLD contrast for laminar fMRI in humans: CBF, CBV, and CMRO2	Huber, Laurentius; Uludağ, Kâmil; Möller, Harald E.	2019-01-01	NeuroImage	http://dx.doi.org/10.1016/j.neuroimage.2017.07.041	M	0.82	Bethesda	America	7T			review 		other-used		non-BOLD fMRI is noisy, but locally specific		0.0	10.1016/j.neuroimage.2017.07.041	74	male	male	1.0
Intracortical smoothing of small-voxel fMRI data can provide increased detection power without spatial resolution losses compared to conventional large-voxel fMRI data	Blazejewska, Anna I.; Fischl, Bruce; Wald, Lawrence L.; Polimeni, Jonathan R, 0000-0002-1348-1179	2019-01-01	NeuroImage	https://doi.org/10.1016/j.neuroimage.2019.01.054	M	0.83	Boston	America	7T	SIEMENS	Magnetom classic	method study		BOLD-only				1.0	10.1016/j.neuroimage.2019.01.054	24	female	unknown	1.0
Dependence of resting-state fMRI fluctuation amplitudes on cerebral cortical orientation relative to the direction of B0 and anatomical axes	Viessmann, Olivia, 0000-0002-5706-7279; Scheffler, Klaus, 0000-0001-6316-8773; Bianciardi, Marta; Wald, Lawrence L.; Polimeni, Jonathan R, 0000-0002-1348-1179	2019-01-01	NeuroImage	https://doi.org/10.1016/j.neuroimage.2019.04.036	M		Boston	America	7T	SIEMENS	Magnetom classic	method study		other-discussed				1.0	10.1016/j.neuroimage.2019.04.036	19	female	unknown	1.0
Two distinct feedback codes in V1 for ‘real’ and ‘imaginary’ internal experiences	Bergmann, Johanna, 0000-0003-1968-9680; Morgan, Andrew T.; Muckli, Lars	2019-01-01	BioRXIV	https://doi.org/10.1101/664870	M		Glasgow	Europe	7T	SIEMENS	Magnetom Terra	application study	vision	BOLD-only				2.0	10.1101/664870	11	female	male	1.0
Resolving multisensory and attentional influences across cortical depth in sensory cortices	Gau, Remi, 0000-0002-1535-9767; Bazin, Pierre-Louis, 0000-0002-0141-5510; Trampel, Robert; Turner, Robert; Noppeney, Uta	2019-01-01	eLife	https://doi.org/10.7554/eLife.46856	W		Leipzig	Europe	7T	SIEMENS	Magnetom classic	application study	higher order	BOLD-only				2.0	10.7554/eLife.46856	30	male	female	1.0
A dynamical model of the laminar BOLD response	Havlicek, Martin; UludaÄ, KĂ˘mil	2019-01-01	NeuroImage	https://doi.org/10.1016/j.neuroimage.2019.116209	M	0.82	Maastricht	Europe				modeling study		other-used				0.0	10.1016/j.neuroimage.2019.116209	60	male	unknown	1.0
Columnar clusters in the human motion complex reflect consciously perceived motion axis	Schneider, Marian, 0000-0003-3192-5316; Kemper, Valentin G.; Emmerling, Thomas C., 0000-0002-2391-9971; De Martino, Federico, 0000-0002-0352-0648; Goebel, Rainer, 0000-0003-1780-2467	2019-01-01	Proceedings Of The National Academy Of Sciences	https://doi.org/10.1073/pnas.1814504116	M		Maastricht	Europe	7T	SIEMENS	Magnetom classic	application study	vision	BOLD-only				3.0	10.1073/pnas.1814504116	23	male	male	1.0
Processing complexity increases in superficial layers of human primary auditory cortex	Moerel, Michelle, 0000-0001-7657-1772; De Martino, Federico, 0000-0002-0352-0648; UÄurbil, KĂ˘mil; Yacoub, Essa; Formisano, Elia, 0000-0001-5008-2460	2019-01-01	Scientific Reports	https://doi.org/10.1038/s41598-019-41965-w	M		Maastricht	Europe	7T			application study	auditory	other-discussed		See title		2.0	10.1038/s41598-019-41965-w	21	female	female	1.0
Defining region-specific masks for reliable depth-dependent analysis of fMRI data	Weldon, Kimberly B., 0000-0003-4349-9916; Burton, Philip C., 0000-0001-5302-678; Grant, Andrea, 0000-0002-1553-596; Yacoub, Essa; Olman, Cheryl, 0000-0002-7324-6461	2019-01-01	BioRXIV	https://doi.org/10.1101/557363	W	0.74	Minneapolis	America	7T	SIEMENS	Magnetom classic	method study	vision	BOLD-only				1.0	10.1101/557363	3	mostly_female	female	1.0
A critical assessment of data quality and venous effects in ultra-high-resolution fMRI	Kay, Kendrick, 0000-0001-6604-9155; Jamison, Keith, 0000-0001-7139-6661; Vizioli, Luca; Zhang, Ruyuan; Margalit, Eshed; Ugurbil, Kamil	2019-01-01	NeuroImage	https://doi.org/10.1016/j.neuroimage.2019.02.006	M	0.87	Minneapolis	America	7T	SIEMENS	Magnetom classic	method study	vision	other-discussed		describing a set of visualization tools that allow the investigation of venous biases and quality control		2.0	10.1016/j.neuroimage.2019.02.006	62	male	male	1.0
Laminar (f)MRI: A short history and future prospects	Norris, David G.; Polimeni, Jonathan R, 0000-0002-1348-1179	2019-01-01	NeuroImage	https://doi.org/10.1016/j.neuroimage.2019.04.082	M	0.85	Nijmegen/Essen	Europe				review						0.0	10.1016/j.neuroimage.2019.04.082	39	male	unknown	1.0
Laminar Specific fMRI Reveals Directed Interactions in Distributed Networks During Language Processing	Sharoh, Daniel, 0000-0002-6941-5680; Van Mourik, Tim; Bains, Lauren J.; Segaert, Katrien, 0000-0002-3002-5837; Weber, Kirsten; Hagoort, Peter; Norris, David G.	2019-01-01	Proceedings Of The National Academy Of Sciences	https://doi.org/10.1073/pnas.1907858116	M		Nijmegen/Essen	Europe	7T	SIEMENS	Magnetom classic	application study	higher order	BOLD-only		Layer-fMRI is doale in the language domain		1.0	10.1073/pnas.1907858116	43	male	male	1.0
Laminar signal extraction over extended cortical areas by means of a spatial GLM	Koopmans, Peter J, 0000-0003-1785-9594; Yacoub, Essa	2019-01-01	NeuroImage	https://doi.org/10.1016/j.neuroimage.2019.03.024	M		Nijmegen/Essen	Europe				review 	vision	other-used		SE-BOLD is mosre specific but less sensitive than GE-BOLD		0.0	10.1016/j.neuroimage.2019.03.024	26	unknown	unknown	n/a
	Van Mourik, Tim, 0000-0002-8155-8641; Van Der Eerden, Jan P. J. M.; Bazin, Pierre-Louis; Norris, David G.	2019-01-01	Plos One	https://doi.org/10.1371/journal.pone.0212493	M		Nijmegen/Essen	Europe	7T	SIEMENS	Magnetom classic	method study	vision			Spatial GLM works		3.0	10.1371/journal.pone.0212493	18	male	male	1.0
Improved cortical boundary registration for locally distorted fMRI scans	Van Mourik, Tim, 0000-0002-8155-8641; Koopmans, Peter J, 0000-0003-1785-9594; Norris, David G.	2019-01-01	Plos One	https://doi.org/10.1371/journal.pone.0223440	M		Nijmegen/Essen	Europe	7T	SIEMENS	Magnetom classic	method study				New methos that recoursively registeres boundaries between EPI and anatomical data by cutting volumes further and further. 		3.0	10.1371/journal.pone.0223440	4	male	male	1.0
Dissociable laminar profiles of concurrent bottom-up and top-down modulation in the human visual cortex	Lawrence, Samuel Jd; Norris, David G; De Lange, Floris P, 0000-0002-6730-1452	2019-01-01	eLife	https://doi.org/10.7554/eLife.44422	M		Nijmegen/Essen	Europe	7T	SIEMENS	Magnetom classic	application study	vision	other-discussed		Visual attention modulated activity in superficial attantion.		3.0	10.7554/eLife.44422	41	male	unknown	1.0
Cortical layers, rhythms and BOLD signals	Scheeringa, RenĂŠ, 0000-0001-5226-8322; Fries, Pascal	2019-01-01	NeuroImage	https://doi.org/10.1016/j.neuroimage.2017.11.002	M		Nijmegen/Essen	Europe				review 		other-discussed		combination od EEG, layer, fMRI and electrophys is valuable. feedback in gamma, feed-forward in alpha		0.0	10.1016/j.neuroimage.2017.11.002	45	unknown	male	1.0
Laminar fMRI: Applications for cognitive neuroscience	Lawrence, Samuel J.D. Formisano, Elia Muckli, Lars de Lange, Floris P.	2019-01-01	NeuroImage	http://www.sciencedirect.com/science/article/pii/S1053811917305724	M		Nijmegen/Essen	Europe				review 	vision	other-discussed		Layer fMRI allows to investigate comunication between brain areas		0.0	http://www.sciencedirect.com/science/article/pii/S1053811917305724	n/a	male	unknown	1.0
Threat anticipation in pulvinar and in superficial layers of primary visual cortex (V1). Evidence from layer-specific ultra-high field 7T fMRI	Koizumi, Ai, 0000-0001-8426-4908; Zhan, Minye, 0000-0002-0906-4882; Ban, Hiroshi; Kida, Ikuhiro; De Martino, Federico, 0000-0002-0352-0648; Vaessen, Maarten J.; De Gelder, Beatrice; Amano, Kaoru, 0000-0002-4346-4791	2019-01-01	Eneuro	https://doi.org/10.1523/ENEURO.0429-19.2019	M		Osaka	Asia	7T	SIEMENS	Magnetom classic	application study	vision	BOLD-only				1.0	10.1523/ENEURO.0429-19.2019	12	female	mostly_female	1.0
Impact of Prospective Motion Correction, Distortion Correction Methods and Large Vein Bias on the Spatial Accuracy of Cortical Laminar FMRI at 9.4 Tesla	Bause, Jonas; Polimeni, Jonathan R, 0000-0002-1348-1179; Stelzer, Johannes; In, Myung-Ho; Ehses, Philipp, 0000-0002-5839-6525; Kraemer-Fernandez, Pablo; Aghaeifar, Ali; Lacosse, Eric; Pohmann, Rolf; Scheffler, Klaus, 0000-0001-6316-8773	2020-01-01	NeuroImage	https://doi.org/10.1016/j.neuroimage.2019.116434	M	0.83	Tübingen	Europe	9.4T	SIEMENS	Magnetom classic	method study	vision	other-used				2.0	10.1016/j.neuroimage.2019.116434	17	male	male	0.8888888888888888
Advances in Spiral fMRI: A High-resolution Study with Single-shot Acquisition	Bertram J. Wilm; Christoph Barmet; Heinzle, Jakob, 0000-0001-5228-041; Jonas Reber; Klaas E. Stephan; Klaas E. Stephan; Klaas E. Stephan; Klaas P. Pruessmann; Kasper, Lars, 0000-0001-7667-603; Maria Engel; Mueller-Schrader, Matthias, 0000-0001-6672-9230; Nadine N. Graedel; Nadine N. Graedel; Thomas Schmid	2022-01-01	NeuroImage	https://doi.org/10.1016/j.neuroimage.2021.118738	M		Zuerich	Europe	7T	Philips	Achieva	method study	vision	other-discussed				3.0	10.1016/j.neuroimage.2021.118738	3	unknown	unknown	1.0
Klaas, Staphan  EHeinzle, Jakob Koopmans, Peter J den Ouden, Hanneke EM Ramanna, Sudhir 	Stephan, K.E.; Petzschner, F.H.; Kasper, Lars, 0000-0001-7667-603; Bayer, Johanna Margarete Marianne, 0000-0003-4891-6256; Wellstein, Katharina V., 0000-0002-9743-3763; Stefanics, Gรกbor, 0000-0002-0324-0996; Pruessmann, K.P.; Heinzle, J.	2019-01-01	NeuroImage	https://doi.org/10.1016/j.neuroimage.2017.11.001	M	0.91	Zurich	Europe				review 			clinical	Layer fMRI can help to investigate teories about brain fucntion. 		0.0	10.1016/j.neuroimage.2017.11.001	35	unknown	unknown	1.0
Examples of sub-millimeter, 7T, T1-weighted EPI datasets acquired with the T123DEPI sequence	Van Der Zwaag, Wietske, 0000-0003-3223-9721; Buur, Pieter F.; Fracasso, Alessio, 0000-0002-4542-112; Van Doesum, Tessa; UludaÄ, KĂ˘mil; Versluis, Maarten; Marques, Jose Rebello Ferreira, 0000-0001-8157-8864	2018-01-01	Data In Brief	https://doi.org/10.1016/j.dib.2018.08.030	M	0.75	Amsterdam	Europe	7T	Philips	Achieva	method study	vision			data paper of T1-EPI. These data are to sho people the true quality of sub-millimeter data		0.0	10.1016/j.dib.2018.08.030	4	female	male	1.0
Distortion-matched T1 maps and unbiased T1-weighted images as anatomical reference for high-resolution fMRI	Van Der Zwaag, Wietske, 0000-0003-3223-9721; Buur, Pieter F.; Fracasso, Alessio, 0000-0002-4542-112; Van Doesum, Tessa; UludaÄ, KĂ˘mil; Versluis, Maarten J.; Marques, Jose Rebello Ferreira, 0000-0001-8157-8864	2018-01-01	NeuroImage	https://doi.org/10.1016/j.neuroimage.2018.04.026	M		Amsterdam	Europe	7T	Philips	Achieva	method study	vision	BOLD-only		Distortion matched anatomy, helps with accuracy of layer fMRI		3.0	10.1016/j.neuroimage.2018.04.026	22	female	male	1.0
Ultra-high resolution blood volume fMRI and BOLD fMRI in humans at 9.4 T: Capabilities and challenges	Huber, Laurentius; Tse, Desmond H Y, 0000-0003-2559-7707; Wiggins, Christopher J.; UludaÄ, KĂ˘mil; Kashyap, Sriranga, 0000-0003-0307-9773; Jangraw, David C.; Bandettini, Peter A.; Poser, Benedikt A.; Ivanov, Dimo, 0000-0001-9387-5823	2018-01-01	NeuroImage	https://doi.org/10.1016/j.neuroimage.2018.06.025	M	0.88	Bethesda	America	9.4T	SIEMENS	Magnetom classic	method study	motor	other-used		VASO at 9.4T is challenging, but with the right techincal methodology, its possible.		1.0	10.1016/j.neuroimage.2018.06.025	34	male	male	1.0
Simulating laminar neuroimaging data for a visual delayed match-to-sample task	Corbitt, Paul T.; Ulloa, Antonio, 0000-0002-7554-4542; Horwitz, Barry	2018-01-01	NeuroImage	https://doi.org/10.1016/j.neuroimage.2018.02.037	M	0.9	Bethesda	America				modeling study	higher order			despite cross talk across layers, their specific signature should be measurable with layer fMRI		0.0	10.1016/j.neuroimage.2018.02.037	9	male	male	1.0
Techniques for blood volume fMRI with VASO: From low-resolution mapping towards sub-millimeter layer-dependent applications	Huber, Laurentius; Ivanov, Dimo, 0000-0001-9387-5823; Handwerker, Daniel A, 0000-0001-7261-4042; Marrett, Sean; Guidi, Maria; UludaÄ, KĂ˘mil; Bandettini, Peter A.; Poser, Benedikt A.	2018-01-01	NeuroImage	https://doi.org/10.1016/j.neuroimage.2016.11.039	M	0.88	Bethesda	America	7T	SIEMENS	Magnetom classic	method study	motor	other-used		3D-EPI outperfomrms SMS at layer resolutions		1.0	10.1016/j.neuroimage.2016.11.039	69	male	male	1.0
A Perspective on Cortical Layering and Layer-Spanning Neuronal Elements	Larkum, Matthew E, 0000-0001-9799-2656; Petro, Lucy S.; Sachdev, Robert N. S.; Muckli, Lars, 0000-0002-0143-4324	2018-01-01	Frontiers In Neuroanatomy	https://doi.org/10.3389/fnana.2018.00056	M		Glasgow	Europe				review 	vision			summaryzing the literature of known functional connections between layers.		0.0	10.3389/fnana.2018.00056	42	unknown	male	1.0
Microstructural imaging of human neocortex in vivo	Edwards, Luke J.; Kirilina, Evgeniya; Mohammadi, Siawoosh, 0000-0003-1311-9636; Weiskopf, Nikolaus	2018-01-01	NeuroImage	https://doi.org/10.1016/j.neuroimage.2018.02.055	M	0.94	Leipzig	Europe				review 	vision	other-used		Myelin and iron are helpful al layer-landmarks for layer fMRI in humans in vivo		0.0	10.1016/j.neuroimage.2018.02.055	74	male	male	1.0
Resolving laminar activation in human V1 using ultra-high spatial resolution fMRI at 7T	Kashyap, Sriranga, 0000-0003-0307-9773; Ivanov, Dimo, 0000-0001-9387-5823; Havlicek, Martin, 0000-0001-9217-8268; Sengupta, Shubharthi, 0000-0001-5033-0110; Poser, Benedikt A, 0000-0001-8190-4367; Uludag, Kamil, 0000-0002-2813-5930	2018-01-01	Scientific Reports	https://doi.org/10.1038/s41598-018-35333-3	M	0.91	Maastricht	Europe	7T	SIEMENS	Magnetom classic	method study	vision	other-discussed		When sacrificing two spatial dimantions, human layer dependent fMRI can be done with up to 100mum resolutoin 		2.0	10.1038/s41598-018-35333-3	41	unknown	male	1.0
Cortical depth profiles of luminance contrast responses in human V1 and V2 using 7 T fMRI	Marquardt, Ingo, 0000-0001-5178-9951; Schneider, Marian, 0000-0003-3192-5316; Gulban, Omer Faruk, 0000-0001-7761-3727; Ivanov, Dimo, 0000-0001-9387-5823; Uludag, Kamil, 0000-0002-2813-5930	2018-01-01	Human Brain Mapping	https://doi.org/10.1002/hbm.24042	M		Maastricht	Europe	7T	SIEMENS	Magnetom classic	application study	vision	other-discussed		vascular biases can be remove with vascular deconvolution		1.0	10.1002/hbm.24042	44	male	male	1.0
Evaluating the Columnar Stability of Acoustic Processing in the Human Auditory Cortex	Moerel, Michelle, 0000-0001-7657-1772; De Martino, Federico, 0000-0002-0352-0648; UÄurbil, KĂ˘mil; Formisano, Elia, 0000-0001-5008-2460; Yacoub, Essa	2018-01-01	The Journal Of Neuroscience	https://doi.org/10.1523/JNEUROSCI.3576-17.2018	M		Maastricht	Europe	7T	SIEMENS	Magnetom classic	application study	auditory	other-used		he auditory cortex is much more columnar organized than laminar organized		1.0	10.1523/JNEUROSCI.3576-17.2018	15	female	unknown	1.0
A scalable method to improve gray matter segmentation at ultra high field MRI	Gulban, Omer Faruk, 0000-0001-7761-3727; Schneider, Marian, 0000-0003-3192-5316; Marquardt, Ingo, 0000-0001-5178-9951; Haast, Roy A.M, 0000-0001-8543-2467; De Martino, Federico, 0000-0002-0352-0648	2018-01-01	Plos One	https://doi.org/10.1371/journal.pone.0198335	M	0.93	Maastricht	Europe				method study				describing a new segmentation method that is based on the local signal insensity and the local gradient.		3.0	10.1371/journal.pone.0198335	22	unknown	male	1.0
Impact of acquisition and analysis strategies on cortical depth-dependent fMRI	Kashyap, Sriranga, 0000-0003-0307-9773; Ivanov, Dimo, 0000-0001-9387-5823; Havlicek, Martin; Poser, Benedikt A.; UludaÄ, KĂ˘mil	2018-01-01	NeuroImage	https://doi.org/10.1016/j.neuroimage.2017.05.022	M	0.87	Maastricht	Europe	7T	SIEMENS	Magnetom classic	method study	vision	other-discussed		T1-EPI helps with accurate layer calculation		1.0	10.1016/j.neuroimage.2017.05.022	55	unknown	unknown	1.0
The impact of ultra-high field MRI on cognitive and computational neuroimaging	De Martino, Federico, 0000-0002-0352-0648; Yacoub, Essa; Kemper, Valentin; Moerel, Michelle, 0000-0001-7657-1772; UludaÄ, KĂ˘mil; De Weerd, Peter; Ugurbil, Kamil; Goebel, Rainer, 0000-0003-1780-2467; Formisano, Elia, 0000-0001-5008-2460	2018-01-01	NeuroImage	http://dx.doi.org/10.1016/j.neuroimage.2017.03.060	M	0.76	Maastricht	Europe				review 	auditory	other-used		layer fMRI should be combined with computational modeling		0.0	10.1016/j.neuroimage.2017.03.060	69	male	female	1.0
Big-Loop Recurrence within the Hippocampal System Supports Integration of Information across Episodes	Koster, Raphael; Chadwick, Martin J.; Chen, Yi; Berron, David, 0000-0003-1558-1883; Banino, Andrea; DĂźzel, Emrah; Hassabis, Demis; Kumaran, Dharshan	2018-01-01	Neuron	https://doi.org/10.1016/j.neuron.2018.08.009	M		Magdeburg	Europe	7T	SIEMENS	Magnetom classic	application study	higher order	other-discussed				1.0	10.1016/j.neuron.2018.08.009	75	male	unknown	0.8571428571428571
Modelling the Human Cortex in Three Dimensions	Kuehn, Esther; Sereno, Martin I.	2018-01-01	Trends In Cognitive Sciences	https://doi.org/10.1016/j.tics.2018.08.010	M		Magdeburg	Europe				review 	vision			Layers are imortant for cognitive sciences		0.0	10.1016/j.tics.2018.08.010	19	female	male	1.0
Optimization of functional MRI for detection, decoding and high-resolution imaging of the response patterns of cortical columns	Chaimow, Denis, 0000-0003-4532-3084; UÄurbil, KĂ˘mil; Shmuel, Amir	2018-01-01	NeuroImage	https://doi.org/10.1016/j.neuroimage.2017.04.011	M	0.92	Minneapolis	America	7T	SIEMENS	Magnetom classic	modeling study	vision	other-used		for very high resolution, don't worry so much about thermal noise, it mostly dominated from physiological problems. \		0.0	10.1016/j.neuroimage.2017.04.011	11	male	male	1.0
Sensitivity and specificity considerations for fMRI encoding, decoding, and mapping of voxel preferences at ultra-high field	Schmitter, Sebastian, 0000-0003-4410-6790; Moerel, Michelle, 0000-0001-7657-1772; De Martino, Federico, 0000-0002-0352-0648; Kemper, Valentin G.; Vu, An T.; UÄurbil, KĂ˘mil; Formisano, Elia, 0000-0001-5008-2460; Yacoub, Essa	2018-01-01	NeuroImage	https://doi.org/10.1016/j.neuroimage.2017.03.063	M		Minneapolis	America	7T	SIEMENS	Magnetom classic	review 	auditory	other-used		its hard to find optimal parameters, SE-might be best though dependent on the research question, sometimes GE-BOLD is better, sometimes SE-BOLD is better		1.0	10.1016/j.neuroimage.2017.03.063	40	male	unknown	0.8333333333333334
Laminar Organization of Working Memory Signals in Human Visual Cortex	Lawrence, Samuel J.D.; Van Mourik, Tim; Kok, Peter, 0000-0001-5153-4959; Koopmans, Peter J, 0000-0003-1785-9594; Norris, David G.; De Lange, Floris P.	2018-01-01	Current Biology	https://doi.org/10.1016/j.cub.2018.08.043	M		Nijmegen/Essen	Europe	7T	SIEMENS	Magnetom classic	application study	vision	other-discussed		working memory feedback comes into upper layers		3.0	10.1016/j.cub.2018.08.043	47	male	unknown	1.0
Feature-dependent intrinsic functional connectivity across cortical depths in the human auditory cortex	Pu-Yeh Wu Ying-Hua Chu Jo-Fu Lotus Lin Wen-Jui Kuo Fa-Hsuan Lin 	2018-01-01	Scientific reports	https://www.nature.com/articles/s41598-018-31292-x	M		Taipei	Asia	3T	SIEMENS	Skyra	application study	auditory	BOLD-only		There is a depth-spcific feature depemdence in A1		3.0	https://www.nature.com/articles/s41598-018-31292-x	n/a	unknown	unknown	n/a
Cortical depth dependent population receptive field attraction by spatial attention in human V1	Klein, Barrie P.,  Fracasso, Alessio, van Dijk, Jelle A. Paffen Chris L.E. te Pas Susan F. a Dumoulin Serge O.	2018-01-01	NeuroImage	https://www.sciencedirect.com/science/article/pii/S1053811918303653	M	0.9	Utrecht	Europe	7T	Philips	Achieva	application study	vision	BOLD-only		attention-modulated population receptive field size in human V1 is layer-dependent.		1.0	https://www.sciencedirect.com/science/article/pii/S1053811918303653	n/a	unknown	unknown	1.0
Laminar imaging of positive and negative BOLD in human visual cortex at 7T	Fracasso, Alessio, 0000-0002-4542-112; Luijten, Peter R.; Dumoulin, Serge O.; Petridou, Natalia	2018-01-01	NeuroImage	http://dx.doi.org/10.1016/j.neuroimage.2017.02.038	W	0.81	Utrecht	Europe	7T	Philips	Achieva	application study	vision	other-discussed		negative BOLD has the same profile as positive BOLD, just inverted sign		1.0	10.1016/j.neuroimage.2017.02.038	79	male	female	1.0
Ultra-high field MRI: Advancing systems neuroscience towards mesoscopic human brain function	Dumoulin, Serge O. Fracasso, Alessio van der Zwaag, Wietske Siero, Jeroen C.W. Petridou, Natalia	2017-01-01	NeuroImage	http://linkinghub.elsevier.com/retrieve/pii/S1053811917300289	W	0.85	Amsterdam	Europe				review 	vision	other-used		Layer fMRI is valuable for systems neuroscience		0.0	http://linkinghub.elsevier.com/retrieve/pii/S1053811917300289	n/a	unknown	female	1.0
Benchmarking laminar fMRI: Neuronal spiking and synaptic activity during top-down and bottom-up processing in the different layers of cortex	Self, Matthew W. van Kerkoerle, Timo Goebel, Rainer Roelfsema, Pieter R.	2017-01-01	NeuroImage	http://www.sciencedirect.com/science/article/pii/S1053811917305177	M		Amsterdam	Europe				review 	vision	other-used		Electrophysiology helps to benchmark layer fMRI resutls		1.0	http://www.sciencedirect.com/science/article/pii/S1053811917305177	n/a	unknown	unknown	n/a
Evaluation of SLIce Dithered Enhanced Resolution Simultaneous MultiSlice (SLIDER-SMS) for human fMRI	Vu, An T.; Beckett, Alex; Setsompop, Kawin, 0000-0003-0455-7634; Feinberg, David A.	2017-01-01	NeuroImage	https://doi.org/10.1016/j.neuroimage.2017.02.001	M	0.88	Berkley	America	7T	SIEMENS	Magnetom classic	method study	vision	other-discussed		SLIDER SMS give 0.45 mm resolution to dee intracortical signal distribution		1.0	10.1016/j.neuroimage.2017.02.001	13	andy	male	0.6666666666666666
Pushing the limits of ultra-high resolution human brain imaging with SMS-EPI demonstrated for columnar level fMRI	Feinberg, David A Vu, An T Beckett, Alexander	2017-01-01	NeuroImage	http://www.sciencedirect.com/science/article/pii/S1053811917301246?via%3Dihub	M	0.89	Berkley	America	7T	SIEMENS	Magnetom classic	review 	vision	other-discussed		Zoomed SMS-EPI provides 0.45 mm resol for ocular dominance column		1.0	http://www.sciencedirect.com/science/article/pii/S1053811917301246?via%3Dihub	n/a	unknown	male	1.0
High-Resolution CBV-fMRI Allows Mapping of Laminar Activity and Connectivity of Cortical Input and Output in Human M1	Laurentius Huber Daniel A. Handwerker David C. Jangraw Andrew Hall Carsten Stüber Javier Gonzalez-Castillo Dimo Ivanov Sean Marrett Maria Guidi Jozien Goense Benedikt A. Poser Peter A. Bandettini	2017-01-01	Neuron	http://www.sciencedirect.com/science/article/pii/S0896627317310334	M	0.83	Bethesda	America	7T	SIEMENS	Magnetom classic	application study	motor	other-used		layer fMRI in M1 reveals peaks of input and output		2.0	http://www.sciencedirect.com/science/article/pii/S0896627317310334	n/a	unknown	unknown	n/a
What do we know about laminar connectivity?	Rockland, Kathleen S.	2017-01-01	NeuroImage	http://linkinghub.elsevier.com/retrieve/pii/S1053811917306018	W		Boston	America				review 	vision			anatomical (post-mortem) connectivity is known, and suggests that layer-fMRI offers rich trove to investigate the brain		0.0	http://linkinghub.elsevier.com/retrieve/pii/S1053811917306018	n/a	unknown	unknown	n/a
The laminar integration of sensory inputs with feedback signals in human cortex	Petro, Lucy S, 0000-0002-8255-5776; Muckli, Lars, 0000-0002-0143-4324	2017-01-01	Brain And Cognition	http://dx.doi.org/10.1016/j.bandc.2016.06.007	M		Glasgow	Europe				review 	vision	other-used		Layers are imortant for directional connectivity estimation		0.0	10.1016/j.bandc.2016.06.007	14	male	male	1.0
Reliability of the depth-dependent high-resolution BOLD hemodynamic response in human visual cortex and vicinity	Kim, Jung Hwan Ress, David	2017-01-01	MRI	http://linkinghub.elsevier.com/retrieve/pii/S0730725X17300267	M		Houston	America	3T	GE	Signa	method study	vision	BOLD-only		HRF is different across layers and areas		1.0	http://linkinghub.elsevier.com/retrieve/pii/S0730725X17300267	n/a	mostly_female	male	1.0
High resolution data analysis strategies for mesoscale human functional MRI at 7 and 9.4 T Author links open overlay panel	Kemper, Valentin G.; De Martino, Federico, 0000-0002-0352-0648; Emmerling, Thomas C.; Yacoub, Essa; Goebel, Rainer, 0000-0003-1780-2467	2017-01-01	NeuroImage	http://dx.doi.org/10.1016/j.neuroimage.2017.03.058	M	0.91	Maastricht	Europe	9.4T	SIEMENS	Magnetom classic	method study	vision	other-used		9.4T is routinely usable for layer fMRI. Analysis across both columns and layers is aimed for		1.0	10.1016/j.neuroimage.2017.03.058	63	male	male	1.0
Linking brain vascular physiology to hemodynamic response in ultra-high field MRI	UludaÄ, KĂ˘mil; Blinder, Pablo, 0000-0002-4042-214	2017-01-01	NeuroImage	http://dx.doi.org/10.1016/j.neuroimage.2017.02.063	M		Maastricht	Europe				review 	vision	other-used		vascular structure and function impose limitations on the achievable PSF of fMRI and give rise to complex fMRI transients		1.0	10.1016/j.neuroimage.2017.02.063	101	unknown	male	1.0
Analysis strategies for high-resolution UHF-fMRI data	Polimeni, Jonathan R, 0000-0002-1348-1179; Renvall, Ville; Zaretskaya, Natalia, 0000-0003-4562-7045; Fischl, Bruce	2017-01-01	NeuroImage	http://dx.doi.org/10.1016/j.neuroimage.2017.04.053	M		Maastricht	Europe				review 	vision	other-discussed		there are both specific challenges and opportunities presented by UHF-fMRI, and the use of proper analysis strategies can help these valuable data reach their full potential		0.0	10.1016/j.neuroimage.2017.04.053	71	unknown	male	1.0
A more accurate account of the effect of k-space sampling and signal decay on the effective spatial resolution in functional MRI	Chaimow, Denis Shmuel, Amir	2017-01-01	BioRXIV	http://www.biorxiv.org/content/early/2016/12/29/097154	M	0.94	Minneapolis	America				modeling study	vision	other-used		magnetide PSF is not an adequate measure of T2* blurring in ultra-high resolution fMRI		1.0	http://www.biorxiv.org/content/early/2016/12/29/097154	n/a	unknown	male	1.0
Imaging at ultrahigh magnetic fields: History, challenges, and solutions.	UÄurbil, Kamil	2017-01-01	NeuroImage	http://www.ncbi.nlm.nih.gov/pubmed/28698108%0Ahttp://dx.doi.org/10.1016/j.neuroimage.2017.07.007	M		Minneapolis	America				review 		other-used		One of the big reasons to go to high fields is layer fMRI		0.0	10.1016/j.neuroimage.2017.07.007	65	unknown	male	1.0
Exploring structure and function of sensory cortex with 7 T MRI	Schluppeck, Denis; Sanchez-Panchuelo, Rosa Maria, 0000-0002-9917-0020; Francis, Susan T.	2017-01-01	NeuroImage	http://dx.doi.org/10.1016/j.neuroimage.2017.01.081	W	0.77	Nottingham	Europe				review 	sensory	other-discussed		technological advances and small FOV allow high resolution fMRI		1.0	10.1016/j.neuroimage.2017.01.081	16	male	female	1.0
Characterization of high-resolution Gradient Echo and Spin Echo EPI for fMRI in the human visual cortex at 7 T	Rua, Catarina; Costagli, Mauro, 0000-0001-9073-1082; Symms, Mark R.; Biagi, Laura, 0000-0003-2159-439; Donatelli, Graziella; Cosottini, Mirco; Del Guerra, Alberto; Tosetti, Michela, 0000-0002-2515-7560	2017-01-01	Magnetic Resonance Imaging	http://dx.doi.org/10.1016/j.mri.2017.04.008	W		Pisa	Europe	7T	GE	Discovery MR950 7T	method study	vision	other-used		SE-BOLD is mosre specific but less sensitive than GE-BOLD		1.0	10.1016/j.mri.2017.04.008	13	female	female	1.0
Resolution considerations in imaging of the cortical layers	Lifshits, Shlomi Tomer, Omri Shamir, Ittai Barazany, Daniel Tsarfaty, Galia Rosset, Saharon Assaf, Yaniv	2017-01-01	NeuroImage	http://linkinghub.elsevier.com/retrieve/pii/S1053811917301970	M		Tel-Aviv	Asia	3T	GE	Signa	method study		other-used		low resolution T1 can be used to recontruct layers		1.0	http://linkinghub.elsevier.com/retrieve/pii/S1053811917301970	n/a	unknown	male	1.0
The neurovascular fingerprint of BOLD bSSFP: the impact of vessel size, orientation and intravascular contribution	Baez-Yanez, Mario Gilberto Ehses, Philipp Mirkes, Christian Tsai, Philbert S. Kleinfeld, David Scheffler, Klaus	2017-01-01	NeuroImage	http://www.sciencedirect.com/science/article/pii/S1053811917307607	M		Tübingen	Europe	9.4T	SIEMENS	Magnetom classic	modeling study	sensory	other-used		profiles look different, dependen on direction of mein magnetic field		0.0	http://www.sciencedirect.com/science/article/pii/S1053811917307607	n/a	unknown	male	1.0
Laminar fMRI: What can the time domain tell us?	Petridou, Natalia Siero, Jeroen C.W.	2017-01-01	NeuroImage	http://www.sciencedirect.com/science/article/pii/S1053811917306080	M		Utrecht	Europe	7T			review 	vision			different vasculature across cortical depth limits layer fMRI. Time courses can hlep to untangle that		0.0	http://www.sciencedirect.com/science/article/pii/S1053811917306080	n/a	unknown	unknown	n/a
Vascular density and distribution in neocortex	Schmid, Franca Barrett, Matthew J.P. Jenny, Patrick Weber, Bruno	2017-01-01	NeuroImage	http://linkinghub.elsevier.com/retrieve/pii/S1053811917305165	M		Zuerich	Europe				review 	vision			vasculature is regulated on layer level and more globaly.		0.0	http://linkinghub.elsevier.com/retrieve/pii/S1053811917305165	n/a	unknown	male	1.0
Intracortical depth analyses of frequency-sensitive regions of human auditory cortex using 7T fMRI	Ahveninen, Jyrki; Chang, Wei-Tang, 0000-0002-2918-1752; Huang, Samantha; Keil, Boris; Kopco, Norbert; Rossi, Stephanie; Bonmassar, Giorgio; Witzel, Thomas; Polimeni, Jonathan R, 0000-0002-1348-1179	2016-01-01	NeuroImage	http://dx.doi.org/10.1016/j.neuroimage.2016.09.010	M	0.85	Boston	America	7T	SIEMENS	Magnetom classic	method study	auditory	other-discussed		deeper layers are less vascular biased than superficial layers in tonotopy		1.0	10.1016/j.neuroimage.2016.09.010	31	male	unknown	0.875
Interdigitated color- and disparity-selective columns within human visual cortical areas V2 and V3	Nasr, Shahin Polimeni, Jonathan R. Tootell, Roger B. H.	2016-01-01	Jounal of Neuroscience	https://www.ncbi.nlm.nih.gov/pubmed/26865609	M		Boston	America	7T	SIEMENS	Magnetom classic	method study	vision	other-discussed		in deeper layers color and dosparity stripes can be better resolved		1.0	https://www.ncbi.nlm.nih.gov/pubmed/26865609	n/a	unknown	unknown	n/a
Lamina-dependent calibrated BOLD response in human primary motor cortex	Guidi, Maria Huber, Laurentius Lampe, Leonie Gauthier, Claudine J. Möller, Harald E.	2016-01-01	NeuroImage	http://linkinghub.elsevier.com/retrieve/pii/S1053811916302798	M	0.8	Leipzig	Europe	7T	SIEMENS	Magnetom classic	method study	motor	other-used		CMRO2 can be measured as a fucntion of cortical depth		1.0	http://linkinghub.elsevier.com/retrieve/pii/S1053811916302798	n/a	unknown	unknown	n/a
Uses, misuses, new uses and fundamental limitations of magnetic resonance imaging in cognitive science	Turner, Robert, 0000-0001-5055-9644	2016-01-01	Philosophical Transactions Of The Royal Society B: Biological Sciences	http://rstb.royalsocietypublishing.org/lookup/doi/10.1098/rstb.2015.0349	M	0.85	Leipzig	Europe	7T	SIEMENS	Magnetom classic	application study	motor	other-discussed		Guess who invented it		0.0	10.1098/rstb.2015.0349	44	male	unknown	1.0
Variable flip angle 3D-GRASE for high resolution fMRI at 7 tesla	Kemper, Valentin G.; De Martino, Federico, 0000-0002-0352-0648; Yacoub, Essa; Goebel, Rainer, 0000-0003-1780-2467	2016-01-01	Magnetic Resonance In Medicine	http://doi.wiley.com/10.1002/mrm.25979	M	0.92	Maastricht	Europe	7T	SIEMENS	Magnetom classic	method study	vision	other-used		3d-GRASE PSF can be improved with variabled FAs		1.0	10.1002/mrm.25979	23	male	male	1.0
A more accurate account of the effect of k-space sampling and signal decay on the effective spatial resolution in functional MRI	Chaimow, Denis Shmuel, Amir	2016-01-01	BioRXIV	http://www.biorxiv.org/content/early/2016/12/29/097154	M		Minneapolis	America				modeling study	vision	other-used		GE-can be sharper than SE-EPI. PF is bad		0.0	http://www.biorxiv.org/content/early/2016/12/29/097154	n/a	unknown	male	1.0
What is feasible with imaging human brain function and connectivity using functional magnetic resonance imaging	Ugurbil, Kamil, 0000-0002-8475-9334	2016-01-01	Philosophical Transactions Of The Royal Society B: Biological Sciences	http://dx.doi.org/10.1098/rstb.2015.0361	M		Minneapolis	America	7T			review 	auditory			methods and instrumentation in this dynamic field have evolved to a state that discoveries about the human brain based on fMRI principles, together with information garnered at a much finer spatial and temporal scale through other methods, are poised to significantly accelerate in the next decade		0.0	10.1098/rstb.2015.0361	45	unknown	unknown	1.0
Selective Activation of the Deep Layers of the Human Primary Visual Cortex by Top-Down Feedback	Kok, Peter Bains, Lauren J. van Mourik, Tim Norris, David G. de Lange, Floris P.	2016-01-01	Current Biology	http://linkinghub.elsevier.com/retrieve/pii/S0960982215015699	M	0.76	Nijmegen/Essen	Europe	7T	SIEMENS	Magnetom classic	application study	vision	BOLD-only		Kanizsa illusion evoces feedback in deeper layers	11.0	1.0	http://linkinghub.elsevier.com/retrieve/pii/S0960982215015699	n/a	male	unknown	1.0
The relationship between oscillatory EEG activity and the laminar-specific BOLD signal	Scheeringa, RenĂŠ, 0000-0001-5226-8322; Koopmans, Peter J, 0000-0003-1785-9594; Van Mourik, Tim; Jensen, Ole, 0000-0001-8193-8348; Norris, David G.	2016-01-01	Proceedings Of The National Academy Of Sciences	http://www.pnas.org/lookup/doi/10.1073/pnas.1522577113	M		Nijmegen/Essen	Europe	3T	SIEMENS	Trio	method study	vision	BOLD-only		modulations of different EEG frequencies come along with specific modulations of layer BOLD signal		1.0	10.1073/pnas.1522577113	121	unknown	male	1.0
A cortical vascular model for examining the specificity of the laminar BOLD signal	Markuerkiaga, Irati Barth, Markus Norris, David G	2016-01-01	NeuroImage	https://www.ncbi.nlm.nih.gov/pubmed/26952195	M	0.84	Nijmegen/Essen	Europe				modeling study	vision	other-discussed		venous conamination in layer fMRI can be prediced with vascular model		0.0	https://www.ncbi.nlm.nih.gov/pubmed/26952195	n/a	unknown	unknown	n/a
Systematic variation of population receptive field properties across cortical depth in human visual cortex	Fracasso, Alessio Petridou, Natalia Dumoulin, Serge O.	2016-01-01	NeuroImage	http://linkinghub.elsevier.com/retrieve/pii/S105381191630297X	M	0.82	Utrecht	Europe	7T	Philips	Achieva	application study	vision	BOLD-only		Resceptive field sizes are different across depth		1.0	http://linkinghub.elsevier.com/retrieve/pii/S105381191630297X	n/a	unknown	unknown	n/a
Noise concerns and post-processing procedures in cerebral blood flow (CBF) and cerebral blood volume (CBV) functional magnetic resonance imaging.	Donahue, Manus J.; Juttukonda, Meher R.; Watchmaker, Jennifer M, 0000-0003-4320-0021	2016-01-01	NeuroImage	http://dx.doi.org/10.1016/j.neuroimage.2016.09.007	W	0.91	Vanderbilt	America	7T			review 	motor	other-used		VASO is more specific than GE-BOLD		1.0	10.1016/j.neuroimage.2016.09.007	12	male	unknown	1.0
The spatiotemporal hemodynamic response function for depth-dependent functional imaging of human cortex	Robinson, Peter, 0000-0002-5050-9804; Puckett, A. M., 0000-0001-5983-397; Aquino, Kevin M.; Breakspear, Michael, 0000-0003-4943-3969; Schira, Mark M.	2016-01-01	NeuroImage	http://dx.doi.org/10.1016/j.neuroimage.2016.06.019	M		Wollongong	Australia	3T	SIEMENS	Trio	method study	vision	BOLD-only		HRF depends on depths and distance to center of stimulaton		1.0	10.1016/j.neuroimage.2016.06.019	34	male	male	1.0
A hemodynamic model for layered BOLD signals	Heinzle, Jakob Koopmans, Peter J den Ouden, Hanneke EM Ramanna, Sudhir Klaas, Staphan E	2016-01-01	NeuroImage	http://dx.doi.org/10.1016/j.neuroimage.2015.10.025	M	0.86	Zuerich	Europe				modeling study	vision	other-discussed		venous conamination in layer fMRI can be prediced with vascular model		0.0	10.025	n/a	unknown	unknown	n/a
Cortical depth dependence of physiological fluctuations and whole-brain resting-state functional connectivity at 7T	Polimeni, Jonathan R Mianciardi, M Keil, B Wald, Lawrence L	2015-01-01	ISMRM	https://archive.ismrm.org/2015/0592.html	M	0.75	Boston	America	7T	SIEMENS	Magnetom classic	method study	vision	BOLD-only		physiological noise is largest in upper layers		0.0	https://archive.ismrm.org/2015/0592.html	n/a	unknown	unknown	n/a
Contextual Feedback to Superficial Layers of V1	Muckli, Lars De Martino, Federico Vizioli, Luca Petro, Lucy S. Smith, Fraser W. Ugurbil, Kamil Goebel, Rainer Yacoub, Essa	2015-01-01	Current Biology	https://doi.org/10.1016/j.cub.2015.08.057 	M	0.92	Glasgow	Europe	7T	SIEMENS	Magnetom classic	application study	vision	other-used		classification accuracy is higher in upper layers for feedback		1.0	10.1016/j.cub.2015.08.057 	n/a	unknown	unknown	n/a
Cortical lamina-dependent blood volume changes in human brain at 7T	Huber, Laurentius; Goense, Jozien; Kennerley, Aneurin J.; Trampel, Robert; Guidi, Maria; Reimer, Enrico; Ivanov, Dimo, 0000-0001-9387-5823; Neef, Nicole E, 0000-0003-2414-7595; Gauthier, Cj, 0000-0002-5137-5019; Turner, Robert; Mรถller, Harald E.	2015-01-01	NeuroImage	https://doi.org/10.1016/j.neuroimage.2014.11.046	M	0.78	Leipzig	Europe	7T	SIEMENS	Magnetom classic	method study	motor	other-used		CBV-fMRI can be done at high resolutions		1.0	10.1016/j.neuroimage.2014.11.046	131	male	male	1.0
Frequency preference and attention effects across cortical depths in the human primary auditory cortex	De Martino, Federico, 0000-0002-0352-0648; Moerel, Michelle, 0000-0001-7657-1772; Ugurbil, Kamil; Goebel, Rainer, 0000-0003-1780-2467; Yacoub, Essa; Formisano, Elia, 0000-0001-5008-2460	2015-01-01	Proceedings Of The National Academy Of Sciences	https://doi.org/10.1073/pnas.1507552112	M	0.83	Maastricht	Europe	7T	SIEMENS	Magnetom classic	application study	auditory			attnetions sharpens tuning width in upper layers		1.0	10.1073/pnas.1507552112	132	male	female	1.0
High-resolution mapping of myeloarchitecture in vivo: Localization of auditory areas in the human brain	De Martino, Federico, 0000-0002-0352-0648; Moerel, Michelle, 0000-0001-7657-1772; Xu, Junqian, 0000-0001-8438-2066; Van De Moortele, Pierre-Francois, 0000-0002-6941-5947; Ugurbil, Kamil; Goebel, Rainer, 0000-0003-1780-2467; Yacoub, Essa; Formisano, Elia, 0000-0001-5008-2460	2015-01-01	Cerebral Cortex	https://doi.org/10.1093/cercor/bhu150	M	0.88	Maastricht	Europe	7T	SIEMENS	Magnetom classic	method study	auditory	other-used		layer-dependent analyis of fMRI and MR signal can help to identify A1		1.0	10.1093/cercor/bhu150	73	male	female	1.0
Sub-millimeter T2 weighted fMRI at 7 T: comparison of 3D-GRASE and 2D SE-EPI	Kemper, Valentin G.; De Martino, Federico, 0000-0002-0352-0648; Vu, An T.; Poser, Benedikt A, 0000-0001-8190-4367; Feinberg, David A.; Goebel, Rainer, 0000-0003-1780-2467; Yacoub, Essa	2015-01-01	Frontiers In Neuroscience	https://doi.org/10.3389/fnins.2015.00163	M	0.86	Maastricht	Europe	7T	SIEMENS	Magnetom classic	method study	vision	other-used		GRASE is better than SE-BOLD		1.0	10.3389/fnins.2015.00163	57	male	unknown	0.8
Cortical depth dependence of the BOLD initial dip and poststimulus undershoot in human visual cortex at 7 Tesla	Siero, Jeroen Cw, 0000-0001-5079-2868; Hendrikse, Jeroen; Hoogduin, Hans; Petridou, Natalia; Luijten, Peter; Donahue, Manus J.	2015-01-01	Magnetic Resonance In Medicine	http://dx.doi.org/10.1002/mrm.25349	M	0.87	Utrecht	Europe	7T	Philips	Achieva	method study	vision	other-discussed		1.3 mm can give you layers ?!? different layers have different HRFs		1.0	10.1002/mrm.25349	42	unknown	male	1.0
BOLD fMRI signal characteristics of S1- and S2-SSFP at 7 tesla	Goa, PĂÂĽl E.; Koopmans, Peter J, 0000-0003-1785-9594; Poser, Benedikt A, 0000-0001-8190-4367; Barth, Markus, 0000-0002-0520-1843; Norris, David G.	2014-01-01	Frontiers In Neuroscience	http://dx.doi.org/10.3389/fnins.2014.00049	M	0.93	Nijmegen/Essen	Europe	7T	SIEMENS	Magnetom classic	method study	vision	other-used		SSFP might not be so much better than GE-BOLD		1.0	10.3389/fnins.2014.00049	17	unknown	male	1.0
Functional MRI in human subjects with gradient-echo and spin-echo EPI at 9.4 T.	Budde, Juliane; Shajan, G.; Zaitsev, Maxim, 0000-0001-7530-1228; Scheffler, Klaus, 0000-0001-6316-8773; Pohmann, Rolf, 0000-0002-6137-9590	2014-01-01	Magnetic Resonance In Medicine	http://dx.doi.org/10.1002/mrm.24656	M	0.93	Tübingen	Europe	9.4T	SIEMENS	Magnetom classic	method study	motor	other-used		big veins can distort layer fMRI in GE-BOLD more than in SE-BOLD		1.0	10.1002/mrm.24656	51	female	male	1.0
Laminar activity in the hippocampus and entorhinal cortex related to novelty and episodic encoding	Speck, Oliver, 0000-0002-6019-5597; Maass, Anne; SchĂźtze, Hartmut; Yonelinas, Andrew P, 0000-0002-9580-4997; Tempelmann, Claus, 0000-0001-8570-4960; Heinze, Hans-Jochen; Berron, David, 0000-0003-1558-1883; Cardenas-Blanco, Arturo, 0000-0001-8683-8741; Brodersen, Kay H.; Stephan, Klaas, 0000-0002-8594-9092; DĂźzel, Emrah	2014-01-01	Nature Communications	https://doi.org/10.1038/ncomms6547	M		Magdeburg	Europe	7T	SIEMENS	Magnetom classic	application study	higher order	BOLD-only				1.0	10.1038/ncomms6547	67	male	male	1.0
Tapping into the brain: A high resolution investigation of the motor system using 7-Tesla fMRI	Salomon, R W, Van Der Zwaag Darulova, J Gruetter, R Blanke, O	2013-01-01	Jounal of Molecular Neuroscience		M	0.66	Lausanne	Europe	7T	SIEMENS	Magnetom classic	method study	motor	BOLD-only		M1 can be imaged across layers				n/a	male	unknown	1.0
Cortical depth dependent functional responses in humans at 7T: Improved specificity with 3D GRASE.	De Martino, Frederico Zimmermann, Jan Muckli, Lars Ugurbil, Kâmil Yacoub, Essa Goebel, Rainer	2013-01-01	PloS one		M	0.9	Maastricht	Europe	7T	SIEMENS	Magnetom classic	method study	vision	other-used		GRASE is better than GE-BOLD, there are orientation columsn in V5		1.0		n/a	unknown	male	1.0
BOLD specificity and dynamics evaluated in humans at 7 T: comparing gradient-echo and spin-echo hemodynamic responses.	Siero, Jeroen C W Ramsey, Nick F Hoogduin, Hans Klomp, Dennis W J Luijten, Peter R Petridou, Natalia	2013-01-01	PloS one		W	0.77	Utrecht	Europe	7T	Philips	Achieva	method study	vision	other-used		in deep layers GE-signal comes from micro vessels		1.0		n/a	unknown	female	1.0
Layer-specific fMRI reflects different neuronal computations at different depths in human V1.	Olman, Cheryl Harel, Noam Feinberg, David a He, Sheng Zhang, Peng Ugurbil, Kâmil Yacoub, Essa	2012-01-01	PloS one		M	0.94	Minneapolis	America	7T	SIEMENS	Magnetom classic	application study	vision	other-used		P cell stimulation response is larger in superficial layers		1.0		n/a	unknown	unknown	n/a
Multi-echo fMRI of the cortical laminae in humans at 7 T	Koopmans, Peter J, 0000-0003-1785-9594; Barth, Markus, 0000-0002-0520-1843; Orzada, Stephan, 0000-0001-9784-4354; Norris, David G.	2011-01-01	NeuroImage	http://dx.doi.org/10.1016/j.neuroimage.2011.02.042	M	0.86	Nijmegen/Essen	Europe	7T	SIEMENS	Magnetom classic	method study	vision	BOLD-only		layer profiles are modulated for different echo times		1.0	10.1016/j.neuroimage.2011.02.042	137	unknown	male	1.0
Cortical depth-dependent temporal dynamics of the BOLD response in the human brain.	Siero, Jeroen C W Petridou, Natalia Hoogduin, Hans Luijten, Peter R Ramsey, Nick F	2011-01-01	JCBFM		M	0.87	Utrecht	Europe	7T	Philips	Achieva	method study	vision	BOLD-only		HRF is different across depths		1.0		n/a	unknown	unknown	n/a
Identifying common-source driven correlations in resting-state fMRI via laminar-specific analysis in the human visual cortex	Polimeni, Jon R Witzel, T Fischl, B Greve, Douglas N Wald, Lawrence L	2010-01-01	ISMRM	https://archive.ismrm.org/2010/0353.html	M	0.77	Boston	America	7T	SIEMENS	Magnetom classic	application study	vision	BOLD-only		resting-state connectivity is indicative fo information flow direction		0.0	https://archive.ismrm.org/2010/0353.html	n/a	unknown	unknown	n/a
Laminar analysis of 7T BOLD using an imposed spatial activation pattern in human V1.	Polimeni, Jonathan R Fischl, Bruce Greve, Douglas N Wald, Lawrence L	2010-01-01	NeuroImage		M	0.9	Boston	America	7T	SIEMENS	Magnetom classic	method study	vision	other-discussed		Deeper layers are more specific, while upper layers are more sensitive		1.0		n/a	unknown	unknown	n/a
Layer-specific BOLD activation in human V1	Koopmans, Peter J Barth, Markus Norris, David G	2010-01-01	HBM	http://dx.doi.org/10.1002/hbm.20936.	M	0.86	Nijmegen/Essen	Europe	3T	SIEMENS	Magnetom classic	method study	vision	other-discussed		There is a bunp in layer 4		1.0	10.1002/hbm.20936.	n/a	unknown	unknown	n/a
Cortical depth dependence and implications on the neuronal specificity of the functional apparent diffusion coefficient contrast	Truong, Trong-Kha, 0000-0003-2699-1554; Song, Allen W.	2009-01-01	NeuroImage	http://dx.doi.org/10.1016/j.neuroimage.2009.04.045	M	1.0	London OT	America	4T	Varian	INOVA	method study	vision	other-used		diffusion fMRI is more specific than SE-BOLD		1.0	10.1016/j.neuroimage.2009.04.045	12	mostly_male	male	1.0
Feasibility of detecting differential layer specific activations in humans using SE BOLD fMRI at 7 T	Yacoub, E Ugurbil, K Olman, C	2009-01-01	ISMRM	https://cds.ismrm.org/protected/09MProceedings/PDFfiles/01607.pdf	W	0.87	Minneapolis	America	7T	SIEMENS	Magnetom classic	method study	vision	other-used		SE-BOLD might provide inditations of depth-dependent signal changes		0.0	https://cds.ismrm.org/protected/09MProceedings/PDFfiles/01607.pdf	n/a	unknown	unknown	n/a
The effect of large veins on spatial localization with GE BOLD at 3T: Displacement, not blurring	Olman, Cheryl, 0000-0002-7324-6461; Inati, Souheil, 0000-0001-5596-9554; Heeger, David J.	2007-01-01	NeuroImage	http://dx.doi.org/10.1016/j.neuroimage.2006.08.045	M	0.93	Minneapolis	America	3T	SIEMENS	Magnetom classic	method study	vision	other-discussed		with GE-EPI pial veins distort local signal 		1.0	10.1016/j.neuroimage.2006.08.045	71	female	male	1.0
Laminar profiles of functional activity in the human brain.	Ress, David; Glover, Gary H.; Liu, Junjie; Wandell, Brian	2007-01-01	NeuroImage	http://dx.doi.org/10.1016/j.neuroimage.2006.08.020	M	0.89	Providence	America	3T			method study	vision	BOLD-only		There might be layer 4 and seperable activity in pial veins		1.0	10.1016/j.neuroimage.2006.08.020	109	male	male	1.0
High resolution fMRI using 3D-EPI	Gati, J S Menon, R S	2002-01-01	ISMRM	https://drive.google.com/file/d/0B53IozaJTqiWVFZTQThCbUFOTU0/view?usp=sharing&resourcekey=0-0dpr1JdI330-HYz-iucILg	M	1.0	London OT	America	4T	Varian	INOVA	method study	vision	BOLD-only		3D-EPI can give you 0.375 x2mm resolution		0.0	https://drive.google.com/file/d/0B53IozaJTqiWVFZTQThCbUFOTU0/view?usp=sharing&resourcekey=0-0dpr1JdI330-HYz-iucILg	n/a	unknown	unknown	n/a
Submillimeter functional localization in human striate cortex using BOLD contrast at 4 Tesla: Implications for the vascular point-spread function	Menon, Ravi S. Goodyear, Bradley G.	1999-01-01	MRM	https://doi.org/10.1002/(sici)1522-2594(199902)41:2%3C230::aid-mrm3%3E3.0.co;2-o	M	0.93	London OT	America	4T	Varian	INOVA	method study	vision	BOLD-only				1.0	10.1002/(sici)1522-2594(199902)41:2%3C230::aid-mrm3%3E3.0.co;2-o	n/a	unknown	unknown	n/a
Ocular dominance in human V1 demonstrated by functional magnetic resonance imaging	Menon, Ravi S.; Ogawa, Seiji; Strupp, John P.; UÇ§urbil, KĂ˘mil	1997-01-01	Journal Of Neurophysiology	https://doi.org/10.1152/jn.1997.77.5.2780	M	1.0	London OT	America	4T	Varian	INOVA	method study	vision	BOLD-only				1.0	10.1152/jn.1997.77.5.2780	226	mostly_male	unknown	1.0
