Title	Authors	Year	Journal	Link	first Author's gender the two letters refer to first and last author	last authors gender	ref genders (first author of reference) help is welcome here	inv gener	Place (first authors first affiliation)	Continent	Field strenght mostly focused on	vendor empty if simulation study or review article without  original data,  if puliple scanners, the main one is used	scanner model	Study type (review, application, method)	Brain area mostly focused on	GE-BOLD used?	clinical	one sentence summary	Comment	Data availability (3=available online, 2 available upon request, 1, no sharing or no statement, 0 not applicable)
							0.8465979381													
							0.1534020619													
																				
																				
Predictions and errors are distinctly represented across V1 layers	Emily Rose Thomas, Joost Haarsma, Jessica Nicholson, Daniel Yon, Peter Kok, Clare Press	2023	BioRXIV	https://doi.org/10.1101/2023.07.11.548408	W	W			London	Europe	7T	SIEMENS	Terra	application study	visual	BOLD-only				
Physiological Modeling of the BOLD signal and Implications for Effective Connectivity: a primer	Kamil Uludag	2023	NeuroImage	https://doi.org/10.1016/j.neuroimage.2023.120249	M	M			Toronto	America	3T				visual					
Cortical depth-dependent human fMRI of resting-state networks using EPIK	Patricia Pais-Roldán, Seong Dae Yun, Nicola Palomero-Gallagher and N. Jon Shah	2023	Frontiers	https://doi.org/10.3389/fnins.2023.1151544	W	M			Juelich	Europe	7T	SIEMENS	Terra	method study	higher order	other-discussed				
Imaging the columnar functional organization of human area MT+ to axis-of-motion stimuli using VASO at 7 Tesla	Alessandra Pizzuti, Laurentius (Renzo) Huber, Omer Faruk Gulban, Amaia Benitez-Andonegui, Judith Peters, Rainer Goebe	2023	Cerebral Cortex	https://doi.org/10.1093/cercor/bhad151	W	M			Maastricht	Europe	7T	SIEMENS	Magnetom classic	application study	visiual	other-used				
High-Quality 0.5mm Isotropic fMRI: Random Matrix Theory Meets Physics-Driven Deep Learning	Omer Burak Demirel, Steen Moeller, Luca Vizioli, Burhaneddin Yaman, Logan Dowdle, Essa Yacoub, Kˆ amil U ̆ gurbil, and Mehmet Ak ̧ cakaya	2023	NIEEE	https://doi.org/10.1109/NER52421.2023.10123799	M	M			Minneapolis	America	7T	SIEMENS	Magnetom classic	method study	visual	BOLD-only				
Ultra-High Field Imaging of Human Visual Cognition	Ke Jia, Rainer Goebel, Zoe Kourtzi	2023	Annual Review of Vision Science	https://doi.org/10.1146/annurev-vision-111022-123830	M	W			Hangzhou	Asia	7T	SIEMENS	Magnetom classic	review	visual	other-discussed				0
Magnetic resonance imaging at 9.4 T: the Maastricht journey	Dimo Ivanov · Federico De Martino · Elia Formisano · Francisco J. Fritz · Rainer Goebel · Laurentius Huber · Sriranga Kashyap · Valentin G. Kemper · Denizhan Kurban · Alard Roebroeck · Shubharthi Sengupta · Bettina Sorger · Desmond H. Y. Tse5 · Kâmil Uludağ · Christopher J. Wiggins · Benedikt A. Poser	2023	MAGMA	https://doi.org/10.1007/s10334-023-01080-4	M	M	0.92	0.08	Maastricht	Europe	9.4T	SIEMENS		review	motor	other-used				1
What multiplexing means for the interpretation of functional MRI data	Cheryl Olman	2023	Frontiers	https://www.frontiersin.org/articles/10.3389/fnhum.2023.1134811/full	W	W			Minneapolis	America	7T	SIEMENS	Terra	review	vision	BOLD-only				0
Layer Dependence of Monocular and Binocular Responses in Human Ocular Dominance Columns at 7T using VASO and BOLD	Akbari, A., Gati, J.S., Zeman, P., Liem, B., Menon,	2023	BioRXIV	http://biorxiv.org/lookup/doi/10.1101/2023.04.06.535924	W	M			London	America	7T	SIEMENS	Terra	method study	vision	other-used				2
Evaluating Increases in Sensitivity from NORDIC for Diverse fMRI Acquisition Strategies	Logan T. Dowdle, Luca Vizioli, Steen Moeller, Mehmet Akçakaya, Cheryl Olman, Geoffrey Ghose, Essa Yacoub, Kâmil Uğurbil	2023	NeuroImage	https://doi.org/10.1016/j.neuroimage.2023.119949	M	M			Minneapolis	America	7T	SIEMENS	Magnetom classic	method study	vision	other-discussed				1
Hierarchical cortical and subcortical mechanisms underlying binocular rivalry	Chencan Qian, Zhiqiang Chen, Gilles de Hollander, Tomas Knapen, Zihao Zhang, Sheng He, Peng Zhang	2023	BioRXIV	https://doi.org/10.1101/2023.02.11.528110	W	M			Beijing	Asia	7T	SIEMENS	Magnetom classic	application study	vision	other-used				1
Laminar VASO fMRI in focal hand dystonia patients	Laurentius Huber., Panagiotis Kassavetis, Omer Faruk Gulban, Mark Hallett, Silvina G. Horovitz	2023	Dystonia 	https://doi.org/10.3389/dyst.2023.10806	M	W			Bethesda	America	7T	SIEMENS	Magnetom classic	method study	Motor	other-used				3
Combining arterial blood contrast with BOLD increases fMRI intracortical contrast	Nikos Priovoulos1,2 | Icaro Agenor Ferreira de Oliveira1,2,3 | Benedikt A. Poser4 | David G. Norris5,6 | Wietske van der Zwaag1	2023	HBM	https://doi.org/10.1002/hbm.26227	W	W			Amsterdam	Europe	7T	Philips	Achieva	method study	Motor	other-used				2
Cerebral blood volume sensitive layer-fMRI in the human auditory cortex at 7T: Challenges and capabilities	Lonike Faes, Federico de Martino, Renzo Huber	2023	PloS One	https://doi.org/10.1371/journal.pone.0280855	W	M	0.78	0.22	Maastricht	Europe	7T	SIEMENS	Magnetom classic	method study	auditory	other-used				3
Layer-specific correlates of detected and undetected auditory targets during attention	Miriam Heynckes, Agustin Lage-Castellanos, Peter De Weerd, Elia Formisano, Federico De Martino	2023	Current Research in Neurobiology	https://doi.org/10.1016/j.crneur.2023.100075	W	M			Maastricht	Europe	7T	SIEMENS	Magnetom classic	application study	auditory	other-discussed				2
Towards functional spin-echo BOLD line-scanning in humans at 7T	Luisa Raimondo, Jurjen Heij, Tomas Knapen, Serge O. Dumoulin, Wietske van der Zwaag & Jeroen C. W. Siero 	2023	Magn Reson Mat Phy	https://doi.org/10.1007/s10334-022-01059-7	W	M			Amsterdam	Europe	7T	Philips	Achieva	method study	vision	other-used				2
Improved Selectivity in 7 T Digit Mapping Using VASO-CBV	Ícaro A. F. de Oliveira, Jeroen C. W. Siero, Serge O. Dumoulin & Wietske van der Zwaag 	2022	Brain Topography	https://doi.org/10.1007/s10548-022-00932-x	M	W			Amsterdam	Europe	7T	Philips	Achieva	method study	Motor	other-used				2
Task Demands Differentiate Regional Depth-Dependent Activity Profiles Within the Ventral Visual Pathway	Logan T Dowdle, Geoffrey Ghose, Steen Moeller, Kamil Ugurbil, Essa Yacoub, Luca Vizioli	2022	BioRXIV	https://doi.org/10.1101/2022.12.03.518973	M	M			Minneapolis	America	7T	SIEMENS	Magnetom classic	application study	vision	BOLD-only				1
High resolution quantitative and functional MRI indicate lower myelination of thin and thick stripes in human secondary visual cortex	Daniel Haenelt, Robert Trampel,  Shahin Nasr,  Jonathan R. Polimeni, Roger B. H. Tootell,  Martin I. Sereno, Kerrin J. Pine,  Luke J. Edwards, Saskia Helbling,  Nikolaus Weiskopf	2022	BioRXIV	https://doi.org/10.1101/2022.04.28.489865	M	M			Leipzig	Europe	7T	SIEMENS	Magnetom classic	application study	vision	BOLD-only				3
Robust high spatio-temporal line-scanning fMRI in humans at 7T using multi-echo readouts, denoising and prospective motion correction	Luisa Raimondo Nikos Priovoulos Catarina Passarinho Jurjen Heij Tomas Knapen Serge O.Dumoulin J eroen C.W Siero Wietske van derZwaag	2022	J Neuroscience Methods	https://doi.org/10.1016/j.jneumeth.2022.109746	W	W			Amsterdam	Europe	7T	Philips	Achieva	method study	vision	BOLD-only				2
Laminar functional magnetic resonance imaging in vision research	Pinar Demirayak, Gopikrishna Deshpande and Kristina Visscher	2022	Frontiers	https://www.frontiersin.org/articles/10.3389/fnins.2022.910443/full	W	W			Auburn	America	7T	SIEMENS	Magnetom classic	review	vision	other-discussed				1
Laminar fMRI using T2-prepared multi-echo FLASH	Pfaffenrot V, Koopmans PJ	2022	NeuroImage	https://doi.org/10.1016/j.neuroimage.2022.119725	M	M			Nijmegen/Essen	Europe	7T	SIEMENS	Magnetom classic	method study	vision	other-used				2
Noninvasive Characterization of Functional Pathways in Layer-Specific Microcircuits of the Human Brain Using 7T fMRI	Gopikrishna Deshpande Yun Wang	2022	Brain sciences	https://doi.org/10.3390/brainsci12101361	M	W			Auburn	America	7T	SIEMENS	Magnetom classic	application study	vision	other-discussed				2
Cortical depth profiles of auditory and visual 7 T functional MRI responses in human superior temporal areas	Kaisu Lankinen, Seppo P. Ahlfors, Fahimeh Mamashli,Anna I. Blazejewska,Tommi Raij, Tori Turpin, Jonathan R. Polimeni, Jyrki Ahveninen	2022	HBM	https://onlinelibrary.wiley.com/doi/10.1002/hbm.26046	W	M			Boston	America	7T	SIEMENS	Magnetom classic	application study	auditory	other-discussed				3
Acquisition and processing methods of whole-brain layer-fMRI VASO and BOLD : The Kenshu dataset . Graphical Abstract Introduction	Koiso, Kenshu, Anna K Müller, Kazuaki Akamatsu, Sebastian Dresbach, Omer Faruk Gulban, Rainer Goebel, Yoichi Miyawaki, Benedikt A Poser, and Laurentius Huber.  	2022	BioRXIV	https://doi.org/10.1101/2022.08.19.504502	M	M	0.74	0.26	Maastricht	Europe	7T	SIEMENS	Magnetom classic	method study	higher order	other-used				3
Imaging the columnar functional organization of human area MT+ to axis-of-motion stimuli using VASO at 7 Tesla	Alessandra Pizzutia,b,∗, Laurentius (Renzo) Hubera, Omer Faruk Gulbana,b, Amaia Benitez-Andoneguic, Judith Petersa, Rainer Goebela,b,∗	2022	BioRXIV	http://biorxiv.org/lookup/doi/10.1101/2022.07.29.502034	W	M			Maastricht	Europe	7T	SIEMENS	Magnetom classic	application study	vision	other-used				3
Laminar VASO fMRI in focal hand dystonia patients	Huber, Laurentius (Renzo), Panagiotis Kassavetis, Omer Faruk Gulban, Mark Hallett, and Silvina G Horovitz. 	2022	BioRXIV	http://biorxiv.org/lookup/doi/10.1101/2022.07.28.501870	M	W			Maastricht	Europe	7T	SIEMENS	Magnetom classic	method study	Motor	other-used				0
Cerebral blood volume sensitive layer-fMRI in the human auditory cortex at 7 Tesla: Challenges and capabilities	Faes, Lonike K., Federico De Martino, and Laurentius (Renzo) Huber.  	2022	BioRXIV	https://doi.org/10.1101/2022.08.02.502460	W	M	0.78	0.22	Maastricht	Europe	7T	SIEMENS	Magnetom classic	method study	auditory	other-used				0
Evaluating the capabilities and challenges of layer-fMRI VASO at 3T	Huber, L. Kronbichler, L. Stirnberg, R. Poser, B. A. Fernández-Cabello, S. Stöcker, T. Kronbichler, M.	2022	BioRXIV	https://doi.org/10.1101/2022.07.26.501554	M	M	0.7	0.3	Maastricht	Europe	3T	SIEMENS	Prisma	method study	vision	other-used				3
Layer-specific modulation of visual responses in human visual cortex by emotional faces	Liu, Tina Fu, Jason Japee, Shruti Chai, Yuhui Ungerleider, Leslie Merriam, Elisha	2022	BioRXIV	 https://doi.org/10.1101/2022.07.10.499443	W	M			Bethesda	America	7T	SIEMENS	Magnetom classic	application study	vision	other-used				3
Ultrahigh Resolution fMRI at 7T Using Radial-Cartesian TURBINE Sampling	Graedel, Nadine N. Miller, Karla L Chiew, Mark	2022	MRI	https://doi.org/10.1002/mrm.29359	W	M			Oxford	Europe	7T	SIEMENS	Magnetom classic	method study	Motor	other-discussed				3
Cross-layer Balance of Visuo-hippocampal Functional Connectivity Is Associated With Episodic Memory Recognition Accuracy	Chang, Wei-tang Langella, Stephanie Giovanello, Kelly	2022	Research Square	https://doi.org/10.21203/rs.3.rs-1789565/v1	M	W			Chapel Hill	America	7T	SIEMENS	Magnetom classic	application study	Hippocampus	BOLD-only				2
Perceptual expectations and false percepts generate stimulus-specific activity in distinct layers of the early visual cortex	Haarsma, J Deveci, N Corbin, Nadège Callaghan, Martina Kok, Peter	2022	BioRXIV	https://doi.org/10.1101/2022.04.13.488155	M	M			London	Europe	7T	SIEMENS	Terra	application study	vision	BOLD-only				1
Feasibility of 3T layer-dependent fMRI with GE-BOLD using NORDIC and phase regression	Knudsen, Lasse Bailey, Christopher J Blicher, Jakob U Yang, Yan Zhang, Peng Torben, E	2022	BioRXIV	https://doi.org/10.1101/2022.06.02.494602	M	M			Aarhus	Europe	3T	SIEMENS	Prisma	method study	motor	other-used				2
Relating neural oscillations to laminar fMRI connectivity in visual cortex	Scheeringa, René Bonnefond, Mathilde Van Mourik, Tim Jensen, Ole Norris, David G Koopmans, Peter J	2022	Cerebral Cortex	https://doi.org/10.1093/cercor/bhac154	M	M			Nijmegen/Essen	Europe	3T	SIEMENS	Skyra	application study	vision	BOLD-only				3
Critical factors in achieving fine‐scale functional: Removing sources of inadvertent spatial smoothing.	Wang, J. Nasr, S.,  Roe, A. W.,  Polimeni, J. R.	2022	HBM	https://doi.org/10.1002/hbm.25867	M	M			Boston	America	7T	SIEMENS	Magnetom classic	method study	vision	BOLD-only				1
Functional Parcellation of the Hippocampus based on its Layer-specific Connectivity with Default Mode and Dorsal Attention Networks	Deshpande, G.,  Zhao,  Robinson, J.	2022	NeuroImage	https://doi.org/10.1016/j.neuroimage.2022.119078	M	W			Auburn	America	7T	SIEMENS	Magnetom classic	application study	higher order	BOLD-only				2
Predictive coding during action observation - a depth-resolved intersubject functional correlation study at 7T	Cerliani, Leonardo Bhandari, Ritu De Angelis, Lorenzo van der Zwaag, Wietske Bazin, Pierre-Louis Gazzola, Valeria Keysers, Christian	2022	Cortex	https://doi.org/10.1016/j.cortex.2021.12.008	M	M			Amsterdam	Europe	7T	Philips	Achieva	application study	higher order	BOLD-only				1
Resting state fMRI connectivity is sensitive to laminar connectional architecture in the human brain	Deshpande, Gopikrishna Wang, Yun Robinson, Jennifer	2022	Brain Informatics	https://doi.org/10.1186/s40708-021-00150-4	M	W			Auburn	America	7T	SIEMENS	Magnetom classic	method study	higher order	other-discussed				2
Benchmarking GE-BOLD, SE-BOLD, and SS-SI-VASO sequences for depth-dependent separation of feedforward and feedback signals in high-field MRI	Iamshchinina, Polina Haenelt, Daniel Trampel, Robert Weiskopf, Nikolaus Kaiser, Daniel Cichy, Radoslaw M.	2022	BioRXIV	https://doi.org/10.1101/2021.12.10.472064	W	M			Berlin,	Europe	7T	SIEMENS	Magnetom classic	method study	vision	other-used				3
Layer-specific activation in human primary somatosensory cortex during tactile temporal prediction error processing	Yu, Yinghua Huber, Laurentius Yang, Jiajia Fukunaga, Masaki Chai, Yuhui Jangraw, David C. Chen, Gang Handwerker, Daniel A. Molfese, Peter J. Ejima, Yoshimichi Sadato, Norihiro Wu, Jinglong Bandettini, Peter A.	2022	NeuroImage	https://doi.org/10.1016/j.neuroimage.2021.118867	W	M			Okayama	Asia	7T	SIEMENS	Magnetom classic	application study	sensory	other-used				2
Integration of visual motion and pursuit signals in areas V3A and V6+ across cortical depth using 9.4T fMRI	Fatemeh Molaei-Vaneghi ,Natalia Zaretskaya Tim van Mourik Jonas Bause Klaus Scheffler Andreas Bartels	2022	BioRXIV	http://biorxiv.org/lookup/doi/10.1101/2021.12.09.471881	W	M			Tuebingen	Europe	9.4T	SIEMENS	MAGNETOM	application study	vision	other-discussed				1
The influence of non-neural factors on BOLD signal magnitude	Kurzawski, Jan W Gulban, Omer Faruk Jamison, Keith Winawer, Jonathan Kay, Kendrick N.	2022	Jounal of Neuroscience	https://doi.org/10.1523/JNEUROSCI.2532-21.2022	M	M			Minneapolis	America	7T	SIEMENS	Magnetom classic	method study	vision	BOLD-only				0
How pushing the spatiotemporal resolution of fMRI can advance neuroscience	Vizioli, Luca Yacoub, Essa Lewis, Laura	2021	Progr Neurobiol	https://doi.org/10.1016/j.pneurobio.2021.102184	M	W			Minneapolis	America				review						0
The many layers of BOLD. On the contribution of different vascular compartments to laminar fMRI.	Schellekens, Wouter Bhogal, Alex A. Roefs, Emiel C.A. Báez-Yáñez, Mario G. Siero, Jeroen C.W. Petridou, Natalia	2022	BioRXIV	https://doi.org/10.1101/2021.10.21.465359	M	W			Utrecht	Europe	7T	Philips	Achieva	method study	vision	other-used				3
Sensitivity limitations of high-resolution perfusion-based human fMRI at 7 Tesla	Zwart, Jacco A De Gelderen, Peter Van Duyn, Jeff H	2021	MRI	https://doi.org/10.1016/j.mri.2021.09.014	M	M			Bethesda	America	7T	SIEMENS	Magnetom classic	method study	vision	other-used				1
Simulating Local Deformations in the Human Cortex Due to Blood Flow-Induced Changes in Mechanical Tissue Properties: Impact on Functional Magnetic Resonance Imaging	Zoraghi, Mahsa Scherf, Nico Jaeger, Carsten Sack, Ingolf Hirsch, Sebastian Hetzer, Stefan Weiskopf, Nikolaus	2021	Frontiers in NeuroScience	https://doi.org/10.3389/fnins.2021.722366	W	M			Leipzig	Europe				method study		other-used				2
Perceived and mentally rotated contents are differentially represented in cortical depth of V1	Iamshchinina, Polina Kaiser, Daniel Yakupov, Renat Haenelt, Daniel Sciarra, Alessandro Mattern, Hendrik Luesebrink, Falk Duezel, Emrah Speck, Oliver Weiskopf, Nikolaus Cichy, Radoslaw Martin	2021	Communications Biology	http://dx.doi.org/10.1038/s42003-021-02582-4	W	M			Berlin	Europe	7T	SIEMENS	Magentom classic	application study	vision	other-discussed				3
Lowering the thermal noise barrier in functional brain mapping with magnetic resonance imaging	Vizioli, Luca Moeller, Steen Dowdle, Logan Akçakaya, Mehmet Martino, Federico De Yacoub, Essa Uǧurbil, Kamil	2021	Nature Communications	https://doi.org/10.1038/s41467-021-25431-8	M	M			Minneapolis	America	7T	SIEMENS	Magentom classic	method study	vision	BOLD-only				2
Laminar processing of numerosity supports a canonical cortical microcircuit in human parietal cortex	van Dijk, Jelle A. Fracasso, Alessio Petridou, Natalia Dumoulin, Serge O.	2021	Current Biology	https://doi.org/10.1016/j.cub.2021.07.082	M	M	0.8	0.2	Amsterdam	Europe	7T	Philips	Achieva	application study	higher order	BOLD-only				3
Ultra-high field neuroimaging reveals fine-scale processing for 3D perception	Ng, Adrian K. T. Jia, Ke Goncalves, Nuno R. Zamboni, Elisa Kemper, Valentin Goebel, Rainer Welchman, Andrew E. Kourtzi, Zoe	2021	Jounal of Neuroscience	https://doi.org/10.1523/JNEUROSCI.0065-21.2021	M	W			Cambridge	Europe	7T	SIEMENS	Magentom classic	application study	vision	other-discussed				3
A line through the brain: implementation of human line-scanning at 7T for ultra-high spatiotemporal resolution fMRI	Raimondo, Luisa Knapen, Tomas Oliveira, ĺcaro A.F Yu, Xin Dumoulin, Serge O van der Zwaag, Wietske Siero, Jeroen C.W	2021	JCBFM	https://doi.org/10.1177%2F0271678X211037266	W	M	0.93	0.07	Amsterdam	Europe	7T	Philips	Achieva	method study	vision	other-discussed				1
Topographical and laminar distribution of audiovisual processing within human planum temporale	Chai, Yuhui Liu, Tina T. Marrett, Sean Li, Linqing Khojandi, Arman Handwerker, Daniel A. Alink, Arjen Muckli, Lars Bandettini, Peter A.	2021	Progr Neurobiol	https://doi.org/10.1016/j.pneurobio.2021.102121	M	M	0.8	0.2	Bethesda	America	7T	SIEMENS	Magentom classic	application study	higher order	other-used				2
Magnetization Transfer Weighted EPI Facilitates Cortical Depth Determination in Native fMRI Space	Chai, Yuhui Li, Linqing Wang, Yicun Huber, Laurentius Poser, Benedikt A Duyn, Jeff Bandettini, Peter A	2021	NeuroImage	https://doi.org/10.1016/j.neuroimage.2021.118455	M	M	0.91	0.09	Bethesda	America	7T	SIEMENS	Magentom classic	method study	vision	other-used				3
Improvement of sensitivity and specificity for laminar BOLD fMRI with double spin-echo EPI in humans at 7 T	Han, Sohyun Eun, Seulgi Cho, Hyungjoon Uluda, Kâmil Kim, Seong-gi	2021	NeuroImage	https://doi.org/10.1016/j.neuroimage.2021.118435	W	M	0.87	0.13	Suwon	Asia	7T	SIEMENS	Terra	method study	motor	other-used				2
Linking cortical circuit models to human cognition with laminar fMRI	Yag, Jiajia Huber, Laurentius Yu, Yinghua Bandettini, Peter	2021	Neuroscience and Biobehavioral Reviews	https://doi.org/10.1016/j.neubiorev.2021.07.005 	M	M	0.8	0.2	Okayama	Asia				review	motor	other-used				0
Challenges and opportunities of mesoscopic brainmapping with fMR	Bandettini, Peter A Huber, Laurentius Finn, Emily S	2021	COHEBA	https://doi.org/10.1016/j.cobeha.2021.06.002	M	W	0.74	0.26	Bethesda	America				review	motor	other-used				0
Validating Linear Systems Analysis for Laminar fMRI: Temporal Additivity for Stimulus Duration Manipulations	van Dijk, Jelle A. Fracasso, Alessio Petridou, Natalia Dumoulin, Serge O.	2021	Brain Topography	https://doi.org/10.1007/s10548-020-00808-y	M	M	0.88	0.12	Amsterdam	Europe	7T	Philips	Achieva	method study	higher order	other-discussed				2
Ultra-high field fMRI reveals origins of feedforward and feedback activity within laminae of human ocular dominance columns	Hollander, Gilles De Zwaag, Wietske Van Der Qian, Chencan Zhang, Peng Tomas Knapen	2021	NeuroImage	https://doi.org/10.1016/j.neuroimage.2020.117683	M	M	0.85	0.15	Amsterdam 	Europe	7T	Philips	Achieva	application study	vision	other-discussed				3
Highly accelerated submillimeter resolution 3D GRASE with controlled T2 blurring in T2-weighted functional MRI at 7 Tesla: A feasibility study	Park, Suhyung Torrisi, Salvatore Townsend, Jennifer D. Beckett, Alexander Feinberg, David A.	2020	MRM	https://doi.org/10.1002/mrm.28589	M	M	0.93	0.07	Berkeley	America	7T	SIEMENS	Magnetom classic	method study	vision	other-used				1
A protocol for ultra-high field laminar fMRI in the human brain brain	Jia, Ke Kourtzi, Zoe	2021	STAR Protocols	https://doi.org/10.1016/j.xpro.2021.100415	M	W	0.92	0.08	Cambridge	Europe	7T	SIEMENS	Magnetom Terra	method study	vision	BOLD-only				2
Simultaneous pure T2 and varying T2′-weighted BOLD fMRI using Echo Planar Time-resolved Imaging (EPTI) for mapping laminar fMRI responses	Wang, Fuyixue Dong, Zijing Wald, Lawrence L Polimeni, Jonathan R Setsompop, Kawin	2021	NeuroImage	https://doi.org/10.1016/j.neuroimage.2021.118658	W	M	0.87	0.13	Boston	America	7T	SIEMENS	Magnetom Terra	method study	vision	other-discussed				2
Regional and depth-dependence of cortical blood-flow assessed with high-resolution Arterial Spin Labeling (ASL)	Taso, Manuel Munsch, Fanny Zhao, Li Alsop, David C.	2021	JCBFM	https://doi.org/10.1177%2F0271678X20982382	M	M	0.89	0.11	Boston	America	3T	GE	MR750	method study	multi	other-used				1
Mapping of Whole-Brain Resting-State Networks with Half-Millimetre	Yun, Seong Dae Pais-roldán, Patricia Palomero-gallagher, Nicola Shah, N Jon	2021	HBM	https://doi.org/10.1002/hbm.25855	M	M	0.85	0.15	Jülich	Europe	7T	SIEMENS	Magnetom Terra	method study	higher order	other-discussed				2
Effects of phase regression on high-resolution functional MRI of the primary visual cortex	Stanley, Olivia W. Kuurstra, Alan B. Klassen, L. Martyn Menon, Ravi S. Gati, Joseph S.	2021	NeuroImage	https://doi.org/10.1016/j.neuroimage.2020.117631	W	M	0.85	0.15	London OT	America	7T	SIEMENS	Magnetom classic	method study	vision	other-used				3
Laminar perfusion imaging with zoomed arterial spin labeling at 7 Tesla	Shao, Xingfeng Guo, Fanhua Shou, Qinyang Wang, Kai Jann, Kay Yan, Lirong Zhang, Peng Wang, Danny JJ	2021	NeuroImage	https://doi.org/10.1016/j.neuroimage.2021.118724	M	M	0.87	0.13	Los Angeles	America	7T	SIEMENS	Magnetom Terra	application study	motor	other-used				3
Determining laminar neuronal activity from BOLD fMRI using a generative model	Uludag, Kamil Havlicek, Martin	2021	Progr Neurobiol	https://doi.org/10.1016/j.pneurobio.2021.102055	M	M	0.8	0.2	Maastricht	Europe				review		other-used				0
Sub-millimetre resolution laminar fMRI using arterial spin labelling in humans at 7T	Kashyap, Sriranga Ivanov, Dimo Havlicek, Martin Huber, Laurentius Poser, Benedikt A. Uludağ, Kâmil	2021	PLoS one	https://doi.org/10.1371/journal.pone.0251774	M	M	0.89	0.11	Maastricht	Europe	7T	SIEMENS	Magnetom classic	method study	vision	other-used				1
LayNii: As software suite for layer-fMRI	Huber, Laurentius (Renzo) Poser, Benedikt A Bandettini, Peter A Arora, Kabir Wagstyl, Konrad Cho, Shinho Goense, Jozien Nothnagel, Nils Morgan, Andrew Tyler Van Den Hurk, Job Reynold, Richard C Glen, Daniel R Goebel, Rainer W Gulban, Omer Faruk	2021	NeuroImage	https://doi.org/10.1016/j.neuroimage.2021.118091 	M	M	0.48	0.52	Maastricht	Europe	7T	SIEMENS	Magnetom classic	method study	 	other-used				3
Validating layer-specific VASO across species	Huber, Laurentius Renzo Poser, Benedikt A Kaas, Amanda L Fear, Elizabeth J Berwick, Jason Goebel, Rainer Turner, Robert Kennerley, Aneurin J	2021	NeuroImage	https://doi.org/10.1016/j.neuroimage.2021.118195 	M	M	0.83	0.17	Maastricht	Europe	7T	SIEMENS	Magnetom classic	method study	sensory	other-used				2
Topographical layer imaging as a tool to track neurodegenerative disease spread in M1	Schreiber, S Northall, A Weber, M Vielhaber, S Kuehn, E	2021	Nature Reviews Neuroscience	https://doi.org/10.1038/s41583-020-00404-w	W	W	0.5	0.5	Magdeburg	Europe				review	motor					0
Ultrahigh field and ultrahigh resolution fMRI	Uğurbil, Kamil	2021	COHEBA	https://doi.org/10.1016/j.cobme.2021.100288	M	M	0.92	0.08	Minneapolis	America				review						0
Laminar fMRI using T2-prepared multi-echo FLASH	Pfaffenrot, Viktor Voelker, Maximilian N. Kashyap, Sriranga Koopmans, Peter J.	2021	NeuroImage	https://doi.org/10.1016/j.neuroimage.2021.118163	M	M			Nijmegen/Essen	Europe	7T	SIEMENS	Magnetom classic	method study	vision	other-used				2
Investigation of layer specific BOLD during visual attention in the human visual cortex	Mourik, Tim Van Koopmans, Peter J Bains, Lauren J Norris, David G Fm, Janneke	2021	eLife	https://doi.org/10.1101/2021.02.07.430129	M	W	0.83	0.17	Nijmegen/Essen	Europe	7T	SIEMENS	Magnetom classic	application study	vision	BOLD-only				3
Estimation of laminar BOLD activation profiles using deconvolution with a physiological point spread function	Markuerkiaga, Irati Marques, P Gallagher, Tara E Norris, David G	2021	J Neuroscience	https://doi.org/10.1016/j.jneumeth.2021.109095	W	M			Nijmegen/Essen	Europe	7T	SIEMENS	Magnetom classic	method study	vision	other-discussed				0
BOLD sensitivity and vessel size specificity along CPMG and GRASE echo trains	Scheffler, Klaus Engelmann, Jörn Heule, Rahel	2021	MRM	https://doi.org/10.1002/mrm.28871	M	W			Tübingen	Europe				modeling study		other-used				1
Zooming-in on higher-level vision: High-resolution fMRI for understanding visual perception and awareness	Zaretskaya, Natalia	2021	Progr Neurobiol	https://doi.org/10.1016/j.pneurobio.2021.101998	W	W	0.85	0.15	Tübingen	Europe				review	vision	BOLD-only				0
Point-spread function of the BOLD response across columns and cortical depth in human extra-striate cortex	Fracasso, Alessio Dumoulin, Serge O Petridou, Natalia	2021	Progr Neurobiol	https://doi.org/10.1016/j.pneurobio.2021.102034	M	W			Utrecht	Europe	7T	Philips	Achieva	method study	vision	BOLD-only				1
Modelling the depth-dependent VASO and BOLD responses in human primary visual cortex	Akbari, Atena Bollmann, Saskia Ali, Tonima S Barth, Markus	2022	HBM	https://doi.org/10.1002/hbm.26094	W	M	0.88	0.12	Queensland	Australia	7T	SIEMENS	Magnetom classic	modeling study	vision	other-used				1
An in-vivo study of BOLD laminar responses as a function of echo time and magnetic field	Markuerkiaga, Irati Bains, L. J. Marques, J. P. Norris, D. G.	2020	Scientific reports	https://doi.org/10.1038/s41598-021-81249-w	W	M	0.8	0.2	Nijmegen/Essen	Europe	1.5T, 3T, 7T	SIEMENS	Magnetom classic	method study	vision	other-discussed				2
Linear systems analysis for laminar fMRI: Evaluating BOLD amplitude scaling for luminance contrast manipulations	Dijk, Jelle A Van Fracasso, Alessio Petridou, Natalia Dumoulin, Serge O	2020	Scientific reports	https://doi.org/10.1038/s41598-020-62165-x	M	M	0.89	0.11	Amsterdam	Europe	7T	Philips	Achieva	method study	vision	other-discussed				2
Robust functional mapping of layer-selective responses in human lateral geniculate nucleus with high-resolution 7T fMRI	Yazhu Qian, Jinyou Zou, Zihao Zhang, Jing An, Zhentao Zuo, Yan Zhuo, Danny J. J. Wang, Peng Zhang	2020	Proc Royal B	https://doi.org/10.1098/rspb.2020.0245	W	M			Beijing	Asia	7T	SIEMENS	Magnetom classic	application study	vision	other-used				3
Layer-dependent multiplicative effects of spatial attention on contrast responses in human early visual cortex	Guo, Fanhua Liu, Chengwen Qian, Chencan Zhang, Zihao Sun, Kaibao Wang, Danny He, Sheng Zhang, Peng	2020	Progr Neurobiol	https://doi.org/10.1016/j.pneurobio.2020.101897	M	M			Beijing 	Asia	7T	SIEMENS	Magnetom classic	application study	vision	other-used				1
Comparison of BOLD and CBV using 3D EPI and 3D GRASE for cortical layer fMRI at 7T	Alexander JS Beckett,  View ORCID ProfileTetiana Dadakova, Jennifer Townsend,  View ORCID ProfileLaurentius Huber, Suhyung Park, David A Feinberg	2020	MRM	https://doi.org/10.1002/mrm.28347	M	M	0.88	0.12	Berkeley	America	7T	SIEMENS	Magnetom classic	method study	motor	other-used				1
Higher and deeper: Bringing layer fMRI to association cortex	Finn, Emily S. Huber, Laurentius Bandettini, Peter A.	2020	Progr Neurobiol	https://doi.org/10.1016/j.pneurobio.2020.101930	W	M	0.8	0.2	Bethesda	America	7T	SIEMENS	Magnetom classic	review	higher order	other-used				0
Layer-Specific Contributions to Imagined and Executed Hand Movements in Human Primary MotorCortex	Persichetti, Andrew Steven Avery, Jason A. Huber, Laurentius Merriam, Elisha P. Martin, Alex	2020	Current Biology	https://doi.org/10.1016/j.cub.2020.02.046	M	M			Bethesda	America	7T	SIEMENS	Magnetom classic	application study	motor	other-used				3
Sub-Millimeter FMRI Reveals Multiple Topographical Digit Representations That Form Action Maps in Human Motor Cortex	Huber, Laurentius Finn, Emily Handwerker, Daniel Bönstrup, Marlene Glen, Daniel Reynolds, Rick Kashyap, Sriranga Ivanov, Dimo Petrodou, Natalia Marrett, Sean Goense, Jozien Poser, Benedikt Bandettini, Peter	2020	NeuroImage	https://doi.org/10.1016/j.neuroimage.2019.116463	M	M	0.87	0.13	Bethesda	America	7T	SIEMENS	Magnetom classic	method study	motor	other-used		there are multile finger representations in Human M1		3
Ultra-high spatial resolution BOLD fMRI in humans using combined segmented-accelerated VFA-FLEET with a recursive RF pulse design	Berman, Avery J L Grissom, William A Witzel, Thomas Nasr, Shahin Park, Daniel J Kawin, Setsompop Polimeni, Jonathan Rizzo	2020	MRM	https://doi.org/10.1002/mrm.28415	M	M			Boston	America	7T	SIEMENS	Magnetom classic	method study	vision	other-discussed				1
Correcting for Superficial Bias in 7T Gradient Echo fMRI	Huang, Pei Correia, Marta M Rua, Catarina Rodgers, Christopher T Henson, N Carlin, Johan D	2021	Frontirers in Neuroscience	https://doi.org/10.3389/fnins.2021.715549	W	M	0.81	0.19	Cambridge	Europe	7T	SIEMENS	Magnetom Terra	method study	vision	other-discussed				3
Fine-scale computations for adaptive processing in the human brain	Zamboni, Elisa Kemper, Valentin G. Goncalves, Nuno Reis Jia, Ke Karlaftis, Vasilis M. Bell, Samuel J. Giorgio, Joseph Rideaux, Reuben Goebel, Rainer Kourtzi, Zoe	2020	eLife	https://doi.org/10.7554/eLife.57637	W	W			Cambridge	Europe	7T	SIEMENS	Magnetom classic	application study	vision	other-used				3
Recurrent Processing Drives Perceptual Plasticity	Jia, Ke Zamboni, Elisa Kemper, Valentin Williams, Guy Goebel, Rainer Kourtzi, Zoe Jia, Ke Zamboni, Elisa Kemper, Valentin Rua, Catarina Goncalves, Nuno Reis Ka, Adrian Ng, Tsun	2020	Current Biology	https://doi.org/10.1016/j.cub.2020.08.016	M	M	0.74	0.26	Cambridge	Europe	7T	SIEMENS	Magnetom Terra	application study	vision	other-discussed				2
Suppressive recurrent and feedback computations for adaptive processing in the human brain	Zamboni, E Kemper, Valentin G Goncalves, NR Jia, K  Bell, SJ Karlaftis, VM Giorgio, JJ Redeaux, R Goebel, Rainer Kourtzi, Z	2020	eLife	http://dx.doi.org/10.7554/eLife.57637	W	W			Cambridge	Europe	7T	SIEMENS	Magnetom classic	application study	vision	other-used				0
High-resolution line-scanning reveals distinct visual response properties across human cortical layers	Morgan, Andrew T Nothnagel, Nils Petro, Lucy S Goense, Jozien Muckli, Lars	2020	BioRXIV	https://doi.org/10.1101/2020.06.30.179762	M	M	0.9	0.1	Glasgow	Europe	7T	SIEMENS	Magnetom Terra	application study	vision	BOLD-only				1
Cortical depth-dependent human fMRI of resting-state networks using EPIK	Pais-Roldán, Patricia Yun, Seong Dae Palomero-Gallagher, Nicola Shah, N. Jon	2020	BioRXIV	https://doi.org/10.1101/2020.12.07.414144%0A	W	M			Jülich	Europe	7T	SIEMENS	Magnetom Terra	application study	higher order	other-discussed				2
Relating quantitative 7T MRI across cortical depths to cytoarchitectonics, gene expression and connectomics: A framework for tracking neurodegenerative disease	McColgan, Peter Helbling, Saskia Vaculčiaková, Lenka Pine, Kerrin Wagstyl, Konrad Attar, Fakhereh Movahedian Edwards, Luke Papoutsi, Marina Wei, Yongbin van den Heuvel, Martijn Pieter Tabrizi, Sarah Rees, Geraint Weiskopf, Nikolaus	2021	HBM	https://doi.org/10.1002/hbm.25595	M	M	0.75	0.25	Leipzig	Europe				review	motor					1
Cortical Laminar Resting-State Fluctuations Scale with the Hypercapnic Bold Response	Guidi, M Huber, Laurentius Lampe, Leonie Merola, Alberto Ihle, Kristin Möller, Harald E	2020	HBM	https://doi.org/10.1002/hbm.24926	W	M	0.79	0.21	Leipzig	Europe	7T	SIEMENS	Magnetom classic	method study	motor	other-used				2
The promise of layer-specific neuroimaging for testing predictive coding theories of psychosis	Haarsma, J Kok, P Browning, M	2020	Schizophrenia Research	https://doi.org/10.1016/j.schres.2020.10.009	M	M			London UK	Europe				review		other-used				0
The human motor cortex microcircuit: insights for neurodegenerative disease	Mccolgan, Peter Joubert, Julie Tabrizi, Sarah J Rees, Geraint 	2020	Nature Reviews Neuroscience	https://doi.org/10.1038/s41583-020-0315-1 	M	W			London UK	Europe				review	motor					0
Prior expectations evoke stimulus templates in the deep layers of V1	Aitken, Fraser Menelaou, Georgios Warrington, Oliver Koolschijn, Renée S. Corbin, Nadège Callaghan, Martina F. Kok, Peter	2020	PLOS Biology	https://doi.org/10.1371/journal.pbio.3001023	M	M	0.81	0.19	London UK	Europe	7T	SIEMENS	Magnetom classic	application study	vision	BOLD-only				1
Using high spatial resolution fMRI to understand representation in the auditory network	Moerel, Michelle Yacoub, Essa Gulban, Omer Faruk Lage-Castellanos, Agustin De Martino, Federico	2020	Progr Neurobiol	https://doi.org/10.1016/j.pneurobio.2020.101887	W	M			Maastricht	Europe	7T	SIEMENS	Magnetom classic	review	auditory	other-used				0
Layer-dependent functional connectivity methods	Huber, Laurentius Finn, Emily S Chai, Yuhui Goebel, Rainer Stirnberg, Rüdiger Marrett, Sean Uludag, Kamil Kim, Seong Gi Han, Sohyun Bandettini, Peter A Poser, Benedikt A	2020	Progr Neurobiol	https://doi.org/10.1016/j.pneurobio.2020.101835	M	M	0.79	0.21	Maastricht	Europe	7T	SIEMENS	Magnetom classic	method study	higher order	other-used				3
Feedback contribution to surface motion perception in the human early visual cortex	Ingo Marquardt, Peter De Weerd,  Marian Schneider,   Omer Faruk Gulban,  Dimo Ivanov,   Kâmil Uludağ	2020	eLife	https://doi.org/10.7554/eLife.50933 	M	M			Maastricht	Europe	7T	SIEMENS	Magnetom classic	application study	vision	BOLD-only				3
Encoding schemes in somatosensation: From micro- to meta-topography	Kuehn, Esther Pleger, Burkhard	2020	NeuroImage	https://doi.org/10.1016/j.neuroimage.2020.117255	M	M			Magdeburg	Europe				review	sensory					0
Forging a path to mesoscopic imaging success with ultra-high field functional magnetic resonance imaging	Weldon, Kimberly B Olman, Cheryl A	2020	Proc Royal B	https://doi.org/10.1098/rstb.2020.0040	W	W			Minneapolis	America	7T	SIEMENS	Magnetom classic	review	vision	other-used				3
Depth-dependent functional MRI responses to chromatic and achromatic stimuli throughout V1 and V2	Navarro, Karen T Sanchez, Marisa J Engel, Stephen A Olman, Cheryl A Weldon, Kimberly B	2020	NeuroImage	https://doi.org/10.1016/j.neuroimage.2020.117520	W	W	0.72	0.28	Minneapolis	America	7T	SIEMENS	Magnetom classic	application study	vision	BOLD-only				3
A temporal decomposition method for identifying venous effects in task-based fMRI	Kay, Kendrick Jamison, Keith W. Zhang, Ru Yuan Uğurbil, Kamil	2020	Nature Methods	http://dx.doi.org/10.1038/s41592-020-0941-6	M	M	0.85	0.15	Minneapolis	America	7T	SIEMENS	Magnetom classic	method study	vision	other-discussed				3
Multivoxel Pattern of Blood Oxygen Level Dependent Activity can be sensitive to stimulus specific fine scale responses	Luca Vizioli, Federico De Martino, Lucy S Petro, Daniel Kersten, Kamil Ugurbil, Essa Yacoub, Lars Muckli	2020	Scientyific reports	https://doi.org/10.1038/s41598-020-64044-x	M	M			Minneapolis	America	7T	SIEMENS	Magnetom classic	method study	vision	BOLD-only				1
Relating neural oscillations to laminar fMRI connectivity	Scheeringa, René Bonnefond, Mathilde van Mourik, Tim Jensen, Ole Norris, David G. Koopmans, Peter J.	2022	Cerebral Cortex	https://doi.org/10.1093/cercor/bhac154	M	M			Nijmegen/Essen	Europe	3T	SIEMENS	Trio	method study	vision	BOLD-only				3
New acquisition techniques and their prospects for the achievable resolution of fMRI	Bollmann, Saskia Barth, Markus	2020	Progr Neurobiol	https://doi.org/10.1016/j.pneurobio.2020.101936	W	M			Queensland	Australia				review		other-used				0
Ultra-high-resolution fMRI of human ventral temporal cortex reveals differential representation of categories and domains	Margalit, Eshed Jamison, Keith W Weiner, Kevin S Vizioli, Luca Zhang, Ru-Yuan Kay, Kendrick N Grill-Spector, Kalanit	2020	Jounal of Neuroscience	https://doi.org/10.1523/JNEUROSCI.2106-19.2020	M	W			Stanford	America	7T	SIEMENS	Magnetom classic	application study	higher order	BOLD-only				1
Eye-selective fMRI activity in human primary visual cortex: Comparison between 3T and 9.4T, and effects across cortical depth	Zaretskaya, Natalia Bause, Jonas Polimeni, Jonathan R. Grassi, Pablo R. Scheffler, Klaus Bartels, Andreas	2020	NeuroImage	https://doi.org/10.1016/j.neuroimage.2020.117078	W	M			Tübingen	Europe	9.4T	SIEMENS	Magnetom classic	method study	vision	BOLD-only				2
A statistical 3D model of the human cortical vasculature to compute the hemodynamic fingerprint of the BOLD fMRI signal	Báez-Yánez, Mario Gilberto Siero, Jeroen CW Petridou, Natalia	2020	BioRXIV	https://doi.org/10.1101/2020.10.05.326512	M	W	0.85	0.15	Utrecht	Europe				modeling study		BOLD-only				0
Pushing functional MRI spatial and temporal resolution further: High‐density receive arrays combined with shot‐selective 2D CAIPIRINHA for 3D echo‐planar imaging at 7 T	Hendriks, Arjan D. D'Agata, Federico Raimondo, Luisa Schakel, Tim Geerts, Liesbeth Luijten, Peter R. Klomp, Dennis W.J. Petridou, Natalia	2020	NMRBiomed	https://doi.org/10.1002/nbm.4281	M	W			Utrecht	Europe	7T	Philips	Achieva	method study	vision	BOLD-only				1
Layer-specific activation of sensory input and predictive feedback in the human primary somatosensory cortex	Yu, Yinghua Huber, Laurentius Yang, Jiajia Jangraw, David C. Handwerker, Daniel A. Molfese, Peter J. Chen, Gang Ejima, Yoshimichi Wu, Jinglong Bandettini, Peter A.	2019	Science Advances	https://doi.org/10.1126/sciadv.aav9053	W	M			Bethesda	America	7T	SIEMENS	Magnetom classic	application study	sensory	other-used				2
Layer-Dependent Activity in Human Prefrontal Cortex during Working Memory	Finn, Emily S Huber, Laurentius Jangraw, David C Molfese, Peter J Bandettini, Peter A	2019	Nature neuroscience	https://doi.org/10.1038/s41593-019-0487-z	W	M	0.74	0.26	Bethesda	America	7T	SIEMENS	Magnetom classic	application study	higher order	other-used				3
Integrated VASO and perfusion contrast: A new tool for laminar functional MRI	Yuhui Chai, Linqing, Li Larentius Huber Benedikt Poser Peter Bandettini	2019	NeuroImage	https://doi.org/10.1016/j.neuroimage.2019.116358	M	M			Bethesda	America	7T	SIEMENS	Magnetom classic	method study	motor	other-used				1
Non-BOLD contrast for laminar fMRI in humans: CBF, CBV, and CMRO2	Huber, Laurentius Uludaǧ, Kâmil Möller, Harald E.	2019	NeuroImage	http://dx.doi.org/10.1016/j.neuroimage.2017.07.041	M	M	0.82	0.18	Bethesda	America	7T			review 		other-used		non-BOLD fMRI is noisy, but locally specific		0
Intracortical smoothing of small-voxel fMRI data can provide increased detection power without spatial resolution losses compared to conventional large-voxel fMRI data	Blazejewska, Anna I. Fischl, Bruce Wald, Lawrence L. Polimeni, Jonathan R.	2019	NeuroImage	https://doi.org/10.1016/j.neuroimage.2019.01.054	W	M	0.83	0.17	Boston	America	7T	SIEMENS	Magnetom classic	method study		BOLD-only				1
Dependence of resting-state fMRI fluctuation amplitudes on cerebral cortical orientation relative to the direction of B0 and anatomical axes	Viessmann, Olivia Scheffler, Klaus Bianciardi, Marta Wald, Lawrence L. Polimeni, Jonathan R.	2019	NeuroImage	https://doi.org/10.1016/j.neuroimage.2019.04.036	W	M			Boston	America	7T	SIEMENS	Magnetom classic	method study		other-discussed				1
Two distinct feedback codes in V1 for ‘real’ and ‘imaginary’ internal experiences	Bergmann, Johanna Morgan, Andrew T. Muckli, Lars	2019	BioRXIV	https://doi.org/10.1101/664870	W	M			Glasgow	Europe	7T	SIEMENS	Magnetom Terra	application study	vision	BOLD-only				2
Resolving multisensory and attentional influences across cortical depth in sensory cortices	Remi Gau,  Pierre-Louis Bazin,  Robert Trampel,  Robert Turner,  Uta Noppeney	2019	eLife	https://doi.org/10.7554/eLife.46856	M	W			Leipzig	Europe	7T	SIEMENS	Magnetom classic	application study	higher order	BOLD-only				2
A dynamical model of the laminar BOLD response	Havlicek, Martin Uludag, Kamil	2019	NeuroImage	https://doi.org/10.1016/j.neuroimage.2019.116209	M	M	0.82	0.18	Maastricht	Europe				modeling study		other-used				0
Columnar clusters in the human motion complex reflect consciously perceived motion axis	Marian Schneider,  Valentin G. Kemper,  Thomas C. Emmerling,  Federico De Martino,  Rainer Goebel	2019	PNAS	https://doi.org/10.1073/pnas.1814504116	M	M			Maastricht	Europe	7T	SIEMENS	Magnetom classic	application study	vision	BOLD-only				3
Processing complexity increases in superficial layers of human primary auditory cortex	Michelle Moerel,  Federico De Martino,  Kâmil Uğurbil,  Essa Yacoub, Elia Formisano 	2019	Scientific reports	https://doi.org/10.1038/s41598-019-41965-w	W	M			Maastricht	Europe	7T			application study	auditory	other-discussed		See title		2
Defining region-specific masks for reliable depth-dependent analysis of fMRI data	Kimberly B. Weldon,  Philip C. Burton,  Andrea N. Grant,  Essa Yacoub, Cheryl A. Olman	2019	BioRXIV	https://doi.org/10.1101/557363	W	W	0.74	0.26	Minneapolis	America	7T	SIEMENS	Magnetom classic	method study	vision	BOLD-only				1
A critical assessment of data quality and venous effects in ultra-high-resolution fMRI	Kendrick Kay, Keith Jamison, Luca Vizioli,  Ruyuan Zhang, Eshed Margalit,   Kamil Ugurbil	2019	NeuroImage	https://doi.org/10.1016/j.neuroimage.2019.02.006	M	M	0.87	0.13	Minneapolis	America	7T	SIEMENS	Magnetom classic	method study	vision	other-discussed		describing a set of visualization tools that allow the investigation of venous biases and quality control		2
Laminar (f)MRI: A short history and future prospects	David Norris, Jonathan Polimeni	2019	NeuroImage	https://doi.org/10.1016/j.neuroimage.2019.04.082	M	M	0.85	0.15	Nijmegen/Essen	Europe				review						0
Laminar Specific fMRI Reveals Directed Interactions in Distributed Networks During Language Processing	Daniel Sharoh, Tim van Mourik,  Lauren J. Bains,  Katrien Segaert,  Kirsten Weber,  Peter Hagoort,  David G. Norris	2019	PNAS	https://doi.org/10.1073/pnas.1907858116	M	M			Nijmegen/Essen	Europe	7T	SIEMENS	Magnetom classic	application study	higher order	BOLD-only		Layer-fMRI is doale in the language domain		1
Laminar signal extraction over extended cortical areas by means of a spatial GLM	Peter J.Koopmans, Essa Yacoub	2019	NeuroImage	https://doi.org/10.1016/j.neuroimage.2019.03.024	M	M			Nijmegen/Essen	Europe				review 	vision	other-used		SE-BOLD is mosre specific but less sensitive than GE-BOLD		0
	Tim van Mourik,  Jan P. J. M. van der Eerden,  Pierre-Louis Bazin, David G. Norris	2019	PloS one	https://doi.org/10.1371/journal.pone.0212493	M	M			Nijmegen/Essen	Europe	7T	SIEMENS	Magnetom classic	method study	vision			Spatial GLM works		3
Improved cortical boundary registration for locally distorted fMRI scans	Tim Van Mourik Peter Koopmans David Norris	2019	PloS one	https://doi.org/10.1371/journal.pone.0223440	M	M			Nijmegen/Essen	Europe	7T	SIEMENS	Magnetom classic	method study				New methos that recoursively registeres boundaries between EPI and anatomical data by cutting volumes further and further. 		3
Dissociable laminar profiles of concurrent bottom-up and top-down modulation in the human visual cortex	Lawrence, Samuel J.D. Norris, David G de Lange, Floris P.	2019	eLife	https://doi.org/10.7554/eLife.44422	M	M			Nijmegen/Essen	Europe	7T	SIEMENS	Magnetom classic	application study	vision	other-discussed		Visual attention modulated activity in superficial attantion.		3
Cortical layers, rhythms and BOLD signals	Renee Scheeringa,  Pascal Fries	2019	NeuroImage	https://doi.org/10.1016/j.neuroimage.2017.11.002	M	M			Nijmegen/Essen	Europe				review 		other-discussed		combination od EEG, layer, fMRI and electrophys is valuable. feedback in gamma, feed-forward in alpha		0
Laminar fMRI: Applications for cognitive neuroscience	Lawrence, Samuel J.D. Formisano, Elia Muckli, Lars de Lange, Floris P.	2019	NeuroImage	http://www.sciencedirect.com/science/article/pii/S1053811917305724	M	M			Nijmegen/Essen	Europe				review 	vision	other-discussed		Layer fMRI allows to investigate comunication between brain areas		0
Threat anticipation in pulvinar and in superficial layers of primary visual cortex (V1). Evidence from layer-specific ultra-high field 7T fMRI	Koizumi, Ai Zhan, Minye Ban, Hiroshi Kida, Ikuhiro Martino, Federico De Vaessen, Maarten J. Gelder, Beatrice de Amano, Kaoru	2019	eNeuro	https://doi.org/10.1523/ENEURO.0429-19.2019	W	M			Osaka	Asia	7T	SIEMENS	Magnetom classic	application study	vision	BOLD-only				1
Impact of Prospective Motion Correction, Distortion Correction Methods and Large Vein Bias on the Spatial Accuracy of Cortical Laminar FMRI at 9.4 Tesla	Bause, Jonas Polimeni, Jonathan R. Stelzer, Johannes In, Myung Ho Ehses, Philipp Kraemer-Fernandez, Pablo Aghaeifar, Ali Lacosse, Eric Pohmann, Rolf Scheffler, Klaus	2020	NeuroImage	https://doi.org/10.1016/j.neuroimage.2019.116434	M	M	0.83	0.17	Tübingen	Europe	9.4T	SIEMENS	Magnetom classic	method study	vision	other-used				2
Advances in Spiral fMRI: A High-resolution Study with Single-shot Acquisition	Lars Kasper,  Maria Engel,  Jakob Heinzle,  Matthias Mueller-Schrader,  Jonas Reber,  Thomas Schmid,  Christoph Barmet,  Bertram J. Wilm,  Klaas Enno Stephan,  Klaas Paul Pruessmann	2022	NeuroImage	https://doi.org/10.1016/j.neuroimage.2021.118738	M	M			Zuerich	Europe	7T	Philips	Achieva	method study	vision	other-discussed				3
Klaas, Staphan  EHeinzle, Jakob Koopmans, Peter J den Ouden, Hanneke EM Ramanna, Sudhir 	Klaas, Staphan EHeinzle,  Jakob Koopmans, Peter J den Ouden, Hanneke EM Ramanna, Sudhir 	2019	NeuroImage	https://doi.org/10.1016/j.neuroimage.2017.11.001	M	M	0.91	0.09	Zurich	Europe				review 			clinical	Layer fMRI can help to investigate teories about brain fucntion. 		0
Examples of sub-millimeter, 7T, T1-weighted EPI datasets acquired with the T123DEPI sequence	Wietske van der Zwaag, Pieter F. Buur Alessio Fracasso, Tessa van Doesum, Kâmil Uludağ, Maarten Versluis, José P.Marques	2018	Data in Brief	https://doi.org/10.1016/j.dib.2018.08.030	W	M	0.75	0.25	Amsterdam	Europe	7T	Philips	Achieva	method study	vision			data paper of T1-EPI. These data are to sho people the true quality of sub-millimeter data		0
Distortion-matched T1 maps and unbiased T1-weighted images as anatomical reference for high-resolution fMRI	van der Zwaag, Wietske  Buur, Pieter  Fracasso, F., Alessio  van Doesum, Tessa Uludag, Kamil Versluis, Maarten Marques,  José P. 	2018	NeuroImage	https://doi.org/10.1016/j.neuroimage.2018.04.026	W	M			Amsterdam	Europe	7T	Philips	Achieva	method study	vision	BOLD-only		Distortion matched anatomy, helps with accuracy of layer fMRI		3
Ultra-high resolution blood volume fMRI and BOLD fMRI in humans at 9.4 T: Capabilities and challenges	Laurentius Huber, Desmond H.Y. Tse, Christopher J. Wiggins Kâmil Uludağ, Sriranga Kashyap, David C.Jangraw, Peter A.Bandettini, Benedikt A.Poser, Dimo Ivanov	2018	NeuroImage	https://doi.org/10.1016/j.neuroimage.2018.06.025	M	M	0.88	0.12	Bethesda	America	9.4T	SIEMENS	Magnetom classic	method study	motor	other-used		VASO at 9.4T is challenging, but with the right techincal methodology, its possible.		1
Simulating laminar neuroimaging data for a visual delayed match-to-sample task	Paul T. Corbitt Antonio Ulloa Barry Horwitz	2018	NeuroImage	https://doi.org/10.1016/j.neuroimage.2018.02.037	M	M	0.9	0.1	Bethesda	America				modeling study	higher order			despite cross talk across layers, their specific signature should be measurable with layer fMRI		0
Techniques for blood volume fMRI with VASO: From low-resolution mapping towards sub-millimeter layer-dependent applications	Huber, Laurentius Ivanov, Dimo Handwerker, Daniel A. Marrett, Sean Guidi, Maria Uludağ, Kâmil Bandettini, Peter A. Poser, Benedikt A.	2018	NeuroImage	https://doi.org/10.1016/j.neuroimage.2016.11.039	M	M	0.88	0.12	Bethesda	America	7T	SIEMENS	Magnetom classic	method study	motor	other-used		3D-EPI outperfomrms SMS at layer resolutions		1
A Perspective on Cortical Layering and Layer-Spanning Neuronal Elements	Matthew E. Larkum, Lucy S. Petro, Robert N. S. Sachdev, Lars Muckli	2018	Frontiers in NeuroAnatomy	https://doi.org/10.3389/fnana.2018.00056	M	M			Glasgow	Europe				review 	vision			summaryzing the literature of known functional connections between layers.		0
Microstructural imaging of human neocortex in vivo	Edwards, Luke, Kirilina, Evgeniya Mohammadi, Siawoosh Weiskopf, Nikolaus	2018	NeuroImage	https://doi.org/10.1016/j.neuroimage.2018.02.055	M	M	0.94	0.06	Leipzig	Europe				review 	vision	other-used		Myelin and iron are helpful al layer-landmarks for layer fMRI in humans in vivo		0
Resolving laminar activation in human V1 using ultra-high spatial resolution fMRI at 7T	Kashyap, Sriranga Ivanov, Dimo Havlicek, Martin Sengupta, Shubharthi Poser, Benedikt A. Uludağ, Kâmil	2018	Scientific reports	https://doi.org/10.1038/s41598-018-35333-3	M	M	0.91	0.09	Maastricht	Europe	7T	SIEMENS	Magnetom classic	method study	vision	other-discussed		When sacrificing two spatial dimantions, human layer dependent fMRI can be done with up to 100mum resolutoin 		2
Cortical depth profiles of luminance contrast responses in human V1 and V2 using 7 T fMRI	Marquardt, Ingo Schneider, Marian Gulban, Faruk Ivanov, Dimo Uludağ, Kâmil	2018	HBM	https://doi.org/10.1002/hbm.24042	M	M			Maastricht	Europe	7T	SIEMENS	Magnetom classic	application study	vision	other-discussed		vascular biases can be remove with vascular deconvolution		1
Evaluating the Columnar Stability of Acoustic Processing in the Human Auditory Cortex	Michelle Moerel, Federico De Martino,  Kâmil Uğurbil,  Elia Formisano, Essa Yacoub	2018	J Neuroscience	https://doi.org/10.1523/JNEUROSCI.3576-17.2018	M	M			Maastricht	Europe	7T	SIEMENS	Magnetom classic	application study	auditory	other-used		he auditory cortex is much more columnar organized than laminar organized		1
A scalable method to improve gray matter segmentation at ultra high field MRI	Omer Faruk Gulban, Marian Schneider, Ingo Marquardt, Roy A. M. Haast, Federico De Martino	2018	PloS one	https://doi.org/10.1371/journal.pone.0198335	W	M	0.93	0.07	Maastricht	Europe				method study				describing a new segmentation method that is based on the local signal insensity and the local gradient.		3
Impact of acquisition and analysis strategies on cortical depth-dependent fMRI	Kashyap, Sriranga Ivanov, Dimo Havlicek, Martin Poser, Benedikt A. Uludağ, Kâmil	2018	NeuroImage	https://doi.org/10.1016/j.neuroimage.2017.05.022	M	M	0.87	0.13	Maastricht	Europe	7T	SIEMENS	Magnetom classic	method study	vision	other-discussed		T1-EPI helps with accurate layer calculation		1
The impact of ultra-high field MRI on cognitive and computational neuroimaging	De Martino, Federico Yacoub, Essa Kemper, Valentin Moerel, Michelle Uludag, Kamil De Weerd, Peter Ugurbil, Kamil Goebel, Rainer Formisano, Elia	2018	NeuroImage	http://dx.doi.org/10.1016/j.neuroimage.2017.03.060	M	M	0.76	0.24	Maastricht	Europe				review 	auditory	other-used		layer fMRI should be combined with computational modeling		0
Big-Loop Recurrence within the Hippocampal System Supports Integration of Information across Episodes	Koster R,  Chadwick MJ,  Chen Y,  Berron D,  Banino A,  Düzel E,  Hassabis D,  Kumaran D	2018	Neuron	https://doi.org/10.1016/j.neuron.2018.08.009	M	M			Magdeburg	Europe	7T	SIEMENS	Magnetom classic	application study	higher order	other-discussed				1
Modelling the Human Cortex in Three Dimensions	Kuehn, Esther Sereno, Martin I.	2018	Trends in Cognitive Sciences	https://doi.org/10.1016/j.tics.2018.08.010	W	M			Magdeburg	Europe				review 	vision			Layers are imortant for cognitive sciences		0
Optimization of functional MRI for detection, decoding and high-resolution imaging of the response patterns of cortical columns	Chaimow, Denis Uğurbil, Kâmil Shmuel, Amir	2018	NeuroImage	https://doi.org/10.1016/j.neuroimage.2017.04.011	M	M	0.92	0.08	Minneapolis	America	7T	SIEMENS	Magnetom classic	modeling study	vision	other-used		for very high resolution, don't worry so much about thermal noise, it mostly dominated from physiological problems. \		0
Sensitivity and specificity considerations for fMRI encoding, decoding, and mapping of voxel preferences at ultra-high field	Moerel, M De Martino, Frederico Kemper, Valentin G. Schmitter, Sebastian Vu, An T Ugurbil, Kamil Formisano, Elia Yacoub, Essa	2018	NeuroImage	https://doi.org/10.1016/j.neuroimage.2017.03.063	W	M			Minneapolis	America	7T	SIEMENS	Magnetom classic	review 	auditory	other-used		its hard to find optimal parameters, SE-might be best though dependent on the research question, sometimes GE-BOLD is better, sometimes SE-BOLD is better		1
Laminar Organization of Working Memory Signals in Human Visual Cortex	Lawrence, Samuel J.D. Mourik, Tim van Kok, Peter Koopmans, Peter J. Norris, David G.	2018	Current Biology	https://doi.org/10.1016/j.cub.2018.08.043	M	M			Nijmegen/Essen	Europe	7T	SIEMENS	Magnetom classic	application study	vision	other-discussed		working memory feedback comes into upper layers		3
Feature-dependent intrinsic functional connectivity across cortical depths in the human auditory cortex	Pu-Yeh Wu Ying-Hua Chu Jo-Fu Lotus Lin Wen-Jui Kuo Fa-Hsuan Lin 	2018	Scientific reports	https://www.nature.com/articles/s41598-018-31292-x	M	M			Taipei	Asia	3T	SIEMENS	Skyra	application study	auditory	BOLD-only		There is a depth-spcific feature depemdence in A1		3
Cortical depth dependent population receptive field attraction by spatial attention in human V1	Klein, Barrie P.,  Fracasso, Alessio, van Dijk, Jelle A. Paffen Chris L.E. te Pas Susan F. a Dumoulin Serge O.	2018	NeuroImage	https://www.sciencedirect.com/science/article/pii/S1053811918303653	M	M	0.9	0.1	Utrecht	Europe	7T	Philips	Achieva	application study	vision	BOLD-only		attention-modulated population receptive field size in human V1 is layer-dependent.		1
Laminar imaging of positive and negative BOLD in human visual cortex at 7T	Fracasso, Alessio Luijten, Peter R. Dumoulin, Serge O. Petridou, Natalia	2018	NeuroImage	http://dx.doi.org/10.1016/j.neuroimage.2017.02.038	M	W	0.81	0.19	Utrecht	Europe	7T	Philips	Achieva	application study	vision	other-discussed		negative BOLD has the same profile as positive BOLD, just inverted sign		1
Ultra-high field MRI: Advancing systems neuroscience towards mesoscopic human brain function	Dumoulin, Serge O. Fracasso, Alessio van der Zwaag, Wietske Siero, Jeroen C.W. Petridou, Natalia	2017	NeuroImage	http://linkinghub.elsevier.com/retrieve/pii/S1053811917300289	M	W	0.85	0.15	Amsterdam	Europe				review 	vision	other-used		Layer fMRI is valuable for systems neuroscience		0
Benchmarking laminar fMRI: Neuronal spiking and synaptic activity during top-down and bottom-up processing in the different layers of cortex	Self, Matthew W. van Kerkoerle, Timo Goebel, Rainer Roelfsema, Pieter R.	2017	NeuroImage	http://www.sciencedirect.com/science/article/pii/S1053811917305177	M	M			Amsterdam	Europe				review 	vision	other-used		Electrophysiology helps to benchmark layer fMRI resutls		1
Evaluation of SLIce Dithered Enhanced Resolution Simultaneous MultiSlice (SLIDER-SMS) for human fMRI	Vu, An T. Beckett, Alex Setsompop, Kawin Feinberg, David A.	2017	NeuroImage	https://doi.org/10.1016/j.neuroimage.2017.02.001	M	M	0.88	0.12	Berkley	America	7T	SIEMENS	Magnetom classic	method study	vision	other-discussed		SLIDER SMS give 0.45 mm resolution to dee intracortical signal distribution		1
Pushing the limits of ultra-high resolution human brain imaging with SMS-EPI demonstrated for columnar level fMRI	Feinberg, David A Vu, An T Beckett, Alexander	2017	NeuroImage	http://www.sciencedirect.com/science/article/pii/S1053811917301246?via%3Dihub	M	M	0.89	0.11	Berkley	America	7T	SIEMENS	Magnetom classic	review 	vision	other-discussed		Zoomed SMS-EPI provides 0.45 mm resol for ocular dominance column		1
High-Resolution CBV-fMRI Allows Mapping of Laminar Activity and Connectivity of Cortical Input and Output in Human M1	Laurentius Huber Daniel A. Handwerker David C. Jangraw Andrew Hall Carsten Stüber Javier Gonzalez-Castillo Dimo Ivanov Sean Marrett Maria Guidi Jozien Goense Benedikt A. Poser Peter A. Bandettini	2017	Neuron	http://www.sciencedirect.com/science/article/pii/S0896627317310334	M	M	0.83	0.17	Bethesda	America	7T	SIEMENS	Magnetom classic	application study	motor	other-used		layer fMRI in M1 reveals peaks of input and output		2
What do we know about laminar connectivity?	Rockland, Kathleen S.	2017	NeuroImage	http://linkinghub.elsevier.com/retrieve/pii/S1053811917306018	W	W			Boston	America				review 	vision			anatomical (post-mortem) connectivity is known, and suggests that layer-fMRI offers rich trove to investigate the brain		0
The laminar integration of sensory inputs with feedback signals in human cortex	Petro, Lucy S. Muckli, Lars	2017	Brain and Cognition	http://dx.doi.org/10.1016/j.bandc.2016.06.007	W	M			Glasgow	Europe				review 	vision	other-used		Layers are imortant for directional connectivity estimation		0
Reliability of the depth-dependent high-resolution BOLD hemodynamic response in human visual cortex and vicinity	Kim, Jung Hwan Ress, David	2017	MRI	http://linkinghub.elsevier.com/retrieve/pii/S0730725X17300267	M	M			Houston	America	3T	GE	Signa	method study	vision	BOLD-only		HRF is different across layers and areas		1
High resolution data analysis strategies for mesoscale human functional MRI at 7 and 9.4 T Author links open overlay panel	Kemper, Valentin G De Martino, Federico Emmerling, TC Yacoub, Essa Goebel, Rainer	2017	NeuroImage	http://dx.doi.org/10.1016/j.neuroimage.2017.03.058	M	M	0.91	0.09	Maastricht	Europe	9.4T	SIEMENS	Magnetom classic	method study	vision	other-used		9.4T is routinely usable for layer fMRI. Analysis across both columns and layers is aimed for		1
Linking brain vascular physiology to hemodynamic response in ultra-high field MRI	Uludaǧ, K. Blinder, Pablo	2017	NeuroImage	http://dx.doi.org/10.1016/j.neuroimage.2017.02.063	M	M			Maastricht	Europe				review 	vision	other-used		vascular structure and function impose limitations on the achievable PSF of fMRI and give rise to complex fMRI transients		1
Analysis strategies for high-resolution UHF-fMRI data	Polimeni, Jonathan Rizzo Renvall, Ville Zaretskaya, Natalia Fischl, Bruce	2017	NeuroImage	http://dx.doi.org/10.1016/j.neuroimage.2017.04.053	M	M			Maastricht	Europe				review 	vision	other-discussed		there are both specific challenges and opportunities presented by UHF-fMRI, and the use of proper analysis strategies can help these valuable data reach their full potential		0
A more accurate account of the effect of k-space sampling and signal decay on the effective spatial resolution in functional MRI	Chaimow, Denis Shmuel, Amir	2017	BioRXIV	http://www.biorxiv.org/content/early/2016/12/29/097154	M	M	0.94	0.06	Minneapolis	America				modeling study	vision	other-used		magnetide PSF is not an adequate measure of T2* blurring in ultra-high resolution fMRI		1
Imaging at ultrahigh magnetic fields: History, challenges, and solutions.	Uğurbil, Kamil	2017	NeuroImage	http://www.ncbi.nlm.nih.gov/pubmed/28698108%0Ahttp://dx.doi.org/10.1016/j.neuroimage.2017.07.007	M	M			Minneapolis	America				review 		other-used		One of the big reasons to go to high fields is layer fMRI		0
Exploring structure and function of sensory cortex with 7 T MRI	Schluppeck, Denis Sanchez-Panchuelo, Rosa M Francis, Susan T	2017	NeuroImage	http://dx.doi.org/10.1016/j.neuroimage.2017.01.081	M	W	0.77	0.23	Nottingham	Europe				review 	sensory	other-discussed		technological advances and small FOV allow high resolution fMRI		1
Characterization of high-resolution Gradient Echo and Spin Echo EPI for fMRI in the human visual cortex at 7 T	Rua, Catarina Costagli, Mauro Symms, Mark R. Biagi, Laura Donatelli, Graziella Cosottini, Mirco Del Guerra, Alberto Tosetti, Michela	2017	MRI	http://dx.doi.org/10.1016/j.mri.2017.04.008	W	W			Pisa	Europe	7T	GE	Discovery MR950 7T	method study	vision	other-used		SE-BOLD is mosre specific but less sensitive than GE-BOLD		1
Resolution considerations in imaging of the cortical layers	Lifshits, Shlomi Tomer, Omri Shamir, Ittai Barazany, Daniel Tsarfaty, Galia Rosset, Saharon Assaf, Yaniv	2017	NeuroImage	http://linkinghub.elsevier.com/retrieve/pii/S1053811917301970	M	M			Tel-Aviv	Asia	3T	GE	Signa	method study		other-used		low resolution T1 can be used to recontruct layers		1
The neurovascular fingerprint of BOLD bSSFP: the impact of vessel size, orientation and intravascular contribution	Baez-Yanez, Mario Gilberto Ehses, Philipp Mirkes, Christian Tsai, Philbert S. Kleinfeld, David Scheffler, Klaus	2017	NeuroImage	http://www.sciencedirect.com/science/article/pii/S1053811917307607	M	M			Tübingen	Europe	9.4T	SIEMENS	Magnetom classic	modeling study	sensory	other-used		profiles look different, dependen on direction of mein magnetic field		0
Laminar fMRI: What can the time domain tell us?	Petridou, Natalia Siero, Jeroen C.W.	2017	NeuroImage	http://www.sciencedirect.com/science/article/pii/S1053811917306080	W	M			Utrecht	Europe	7T			review 	vision			different vasculature across cortical depth limits layer fMRI. Time courses can hlep to untangle that		0
Vascular density and distribution in neocortex	Schmid, Franca Barrett, Matthew J.P. Jenny, Patrick Weber, Bruno	2017	NeuroImage	http://linkinghub.elsevier.com/retrieve/pii/S1053811917305165	W	M			Zuerich	Europe				review 	vision			vasculature is regulated on layer level and more globaly.		0
Intracortical depth analyses of frequency-sensitive regions of human auditory cortex using 7T fMRI	Ahveninen, Jyrki Chang, Wei-Tang Huang, Samantha Keil, Boris Kopco, Norbert Rossi, Stephanie Bonmassar, Giorgio Witzel, Thomas Polimeni, Jonathan R.	2016	NeuroImage	http://dx.doi.org/10.1016/j.neuroimage.2016.09.010	M	M	0.85	0.15	Boston	America	7T	SIEMENS	Magnetom classic	method study	auditory	other-discussed		deeper layers are less vascular biased than superficial layers in tonotopy		1
Interdigitated color- and disparity-selective columns within human visual cortical areas V2 and V3	Nasr, Shahin Polimeni, Jonathan R. Tootell, Roger B. H.	2016	Jounal of Neuroscience	https://www.ncbi.nlm.nih.gov/pubmed/26865609	M	M			Boston	America	7T	SIEMENS	Magnetom classic	method study	vision	other-discussed		in deeper layers color and dosparity stripes can be better resolved		1
Lamina-dependent calibrated BOLD response in human primary motor cortex	Guidi, Maria Huber, Laurentius Lampe, Leonie Gauthier, Claudine J. Möller, Harald E.	2016	NeuroImage	http://linkinghub.elsevier.com/retrieve/pii/S1053811916302798	W	M	0.8	0.2	Leipzig	Europe	7T	SIEMENS	Magnetom classic	method study	motor	other-used		CMRO2 can be measured as a fucntion of cortical depth		1
Uses, misuses, new uses and fundamental limitations of magnetic resonance imaging in cognitive science	Turner, Robert	2016	Proc Royal B	http://rstb.royalsocietypublishing.org/lookup/doi/10.1098/rstb.2015.0349	M	M	0.85	0.15	Leipzig	Europe	7T	SIEMENS	Magnetom classic	application study	motor	other-discussed		Guess who invented it		0
Variable flip angle 3D-GRASE for high resolution fMRI at 7 tesla	Kemper, Valentin G. De Martino, Federico Yacoub, Essa Goebel, Rainer	2016	MRM	http://doi.wiley.com/10.1002/mrm.25979	M	M	0.92	0.08	Maastricht	Europe	7T	SIEMENS	Magnetom classic	method study	vision	other-used		3d-GRASE PSF can be improved with variabled FAs		1
A more accurate account of the effect of k-space sampling and signal decay on the effective spatial resolution in functional MRI	Chaimow, Denis Shmuel, Amir	2016	BioRXIV	http://www.biorxiv.org/content/early/2016/12/29/097154	M	M			Minneapolis	America				modeling study	vision	other-used		GE-can be sharper than SE-EPI. PF is bad		0
What is feasible with imaging human brain function and connectivity using functional magnetic resonance imaging	Ugurbil, Kamil	2016	Proc Royal B	http://dx.doi.org/10.1098/rstb.2015.0361	M	M			Minneapolis	America	7T			review 	auditory			methods and instrumentation in this dynamic field have evolved to a state that discoveries about the human brain based on fMRI principles, together with information garnered at a much finer spatial and temporal scale through other methods, are poised to significantly accelerate in the next decade		0
Selective Activation of the Deep Layers of the Human Primary Visual Cortex by Top-Down Feedback	Kok, Peter Bains, Lauren J. van Mourik, Tim Norris, David G. de Lange, Floris P.	2016	Current Biology	http://linkinghub.elsevier.com/retrieve/pii/S0960982215015699	M	M	0.76	0.24	Nijmegen/Essen	Europe	7T	SIEMENS	Magnetom classic	application study	vision	BOLD-only		Kanizsa illusion evoces feedback in deeper layers	11	1
The relationship between oscillatory EEG activity and the laminar-specific BOLD signal	Scheeringa, René Koopmans, Peter J. van Mourik, Tim Jensen, Ole Norris, David G.	2016	PNAS	http://www.pnas.org/lookup/doi/10.1073/pnas.1522577113	M	M			Nijmegen/Essen	Europe	3T	SIEMENS	Trio	method study	vision	BOLD-only		modulations of different EEG frequencies come along with specific modulations of layer BOLD signal		1
A cortical vascular model for examining the specificity of the laminar BOLD signal	Markuerkiaga, Irati Barth, Markus Norris, David G	2016	NeuroImage	https://www.ncbi.nlm.nih.gov/pubmed/26952195	W	M	0.84	0.16	Nijmegen/Essen	Europe				modeling study	vision	other-discussed		venous conamination in layer fMRI can be prediced with vascular model		0
Systematic variation of population receptive field properties across cortical depth in human visual cortex	Fracasso, Alessio Petridou, Natalia Dumoulin, Serge O.	2016	NeuroImage	http://linkinghub.elsevier.com/retrieve/pii/S105381191630297X	M	M	0.82	0.18	Utrecht	Europe	7T	Philips	Achieva	application study	vision	BOLD-only		Resceptive field sizes are different across depth		1
Noise concerns and post-processing procedures in cerebral blood flow (CBF) and cerebral blood volume (CBV) functional magnetic resonance imaging.	Donahue, Manus J Juttukonda, Meher R Watchmaker, Jennifer M	2016	NeuroImage	http://dx.doi.org/10.1016/j.neuroimage.2016.09.007	M	W	0.91	0.09	Vanderbilt	America	7T			review 	motor	other-used		VASO is more specific than GE-BOLD		1
The spatiotemporal hemodynamic response function for depth-dependent functional imaging of human cortex	Puckett, Alexander Aquino, Kevin M Robinson, Peter Breakspear, Michael Schira, Mark M	2016	NeuroImage	http://dx.doi.org/10.1016/j.neuroimage.2016.06.019	M	M			Wollongong	Australia	3T	SIEMENS	Trio	method study	vision	BOLD-only		HRF depends on depths and distance to center of stimulaton		1
A hemodynamic model for layered BOLD signals	Heinzle, Jakob Koopmans, Peter J den Ouden, Hanneke EM Ramanna, Sudhir Klaas, Staphan E	2016	NeuroImage	http://dx.doi.org/10.1016/j.neuroimage.2015.10.025	M	M	0.86	0.14	Zuerich	Europe				modeling study	vision	other-discussed		venous conamination in layer fMRI can be prediced with vascular model		0
Cortical depth dependence of physiological fluctuations and whole-brain resting-state functional connectivity at 7T	Polimeni, Jonathan R Mianciardi, M Keil, B Wald, Lawrence L	2015	ISMRM	https://archive.ismrm.org/2015/0592.html	M	M	0.75	0.25	Boston	America	7T	SIEMENS	Magnetom classic	method study	vision	BOLD-only		physiological noise is largest in upper layers		0
Contextual Feedback to Superficial Layers of V1	Muckli, Lars De Martino, Federico Vizioli, Luca Petro, Lucy S. Smith, Fraser W. Ugurbil, Kamil Goebel, Rainer Yacoub, Essa	2015	Current Biology	https://doi.org/10.1016/j.cub.2015.08.057 	M	M	0.92	0.08	Glasgow	Europe	7T	SIEMENS	Magnetom classic	application study	vision	other-used		classification accuracy is higher in upper layers for feedback		1
Cortical lamina-dependent blood volume changes in human brain at 7T	Huber, Laurentius Goense, Jozien B M Kennerley, Aneurin J. Trampel, Robert Guidi, Maria Ivanov, Dimo Gauthier, Claudine J. Turner, Robert Möller, Harald E. Reimer, Enrico Ivanov, Dimo Neef, Nicole Gauthier, Claudine J. Turner, Robert Möller, Harald E.	2015	NeuroImage	https://doi.org/10.1016/j.neuroimage.2014.11.046	M	M	0.78	0.22	Leipzig	Europe	7T	SIEMENS	Magnetom classic	method study	motor	other-used		CBV-fMRI can be done at high resolutions		1
Frequency preference and attention effects across cortical depths in the human primary auditory cortex	De Martino, Federico Moerel, Michelle Ugurbil, Kamil Goebel, Rainer Yacoub, Essa Formisano, Elia	2015	PNAS	https://doi.org/10.1073/pnas.1507552112	M	M	0.83	0.17	Maastricht	Europe	7T	SIEMENS	Magnetom classic	application study	auditory			attnetions sharpens tuning width in upper layers		1
High-resolution mapping of myeloarchitecture in vivo: Localization of auditory areas in the human brain	De Martino, Federico Moerel, Michelle Xu, Junqian Van De Moortele, Pierre Francois Ugurbil, Kamil Goebel, Rainer Yacoub, Essa Formisano, Elia	2015	Cerebral Cortex	https://doi.org/10.1093/cercor/bhu150	M	M	0.88	0.12	Maastricht	Europe	7T	SIEMENS	Magnetom classic	method study	auditory	other-used		layer-dependent analyis of fMRI and MR signal can help to identify A1		1
Sub-millimeter T2 weighted fMRI at 7 T: comparison of 3D-GRASE and 2D SE-EPI	Kemper, Valentin G. De Martino, Federico Vu, An T. Poser, Benedikt a. Feinberg, David a. Goebel, Rainer Yacoub, Essa	2015	Front Neurosci	https://doi.org/10.3389/fnins.2015.00163	M	M	0.86	0.14	Maastricht	Europe	7T	SIEMENS	Magnetom classic	method study	vision	other-used		GRASE is better than SE-BOLD		1
Cortical depth dependence of the BOLD initial dip and poststimulus undershoot in human visual cortex at 7 Tesla	Siero, Jeroen C W Hendrikse, Jeroen Hoogduin, Hans Petridou, Natalia Luijten, Peter Donahue, Manus J.	2015	MRM	http://dx.doi.org/10.1002/mrm.25349	M	M	0.87	0.13	Utrecht	Europe	7T	Philips	Achieva	method study	vision	other-discussed		1.3 mm can give you layers ?!? different layers have different HRFs		1
BOLD fMRI signal characteristics of S1- and S2-SSFP at 7 tesla	Goa, Pål E Koopmans, Peter J Poser, Benedikt A Barth, Markus Norris, David G	2014	Frontiers in NeuroScience	http://dx.doi.org/10.3389/fnins.2014.00049	M	M	0.93	0.07	Nijmegen/Essen	Europe	7T	SIEMENS	Magnetom classic	method study	vision	other-used		SSFP might not be so much better than GE-BOLD		1
Functional MRI in human subjects with gradient-echo and spin-echo EPI at 9.4 T.	Budde, Juliane Shajan, G Zaitsev, Maxim Scheffler, Klaus Pohmann, Rolf	2014	MRM	http://dx.doi.org/10.1002/mrm.24656	W	M	0.93	0.07	Tübingen	Europe	9.4T	SIEMENS	Magnetom classic	method study	motor	other-used		big veins can distort layer fMRI in GE-BOLD more than in SE-BOLD		1
Laminar activity in the hippocampus and entorhinal cortex related to novelty and episodic encoding	Maass, A.,  Schütze, H.,  Speck, O.,  Yonelinas, A.,  Tempelmann, C.,  Heinze, H. J.,  Berron, D.,  Cardenas-Blanco, A.,  Brodersen, K. H.,  Stephan, K. E.,  	2014	Nature Communications	https://doi.org/10.1038/ncomms6547	W	M			Magdeburg	Europe	7T	SIEMENS	Magnetom classic	application study	higher order	BOLD-only				1
Tapping into the brain: A high resolution investigation of the motor system using 7-Tesla fMRI	Salomon, R W, Van Der Zwaag Darulova, J Gruetter, R Blanke, O	2013	Jounal of Molecular Neuroscience		M	M	0.66	0.34	Lausanne	Europe	7T	SIEMENS	Magnetom classic	method study	motor	BOLD-only		M1 can be imaged across layers		
Cortical depth dependent functional responses in humans at 7T: Improved specificity with 3D GRASE.	De Martino, Frederico Zimmermann, Jan Muckli, Lars Ugurbil, Kâmil Yacoub, Essa Goebel, Rainer	2013	PloS one		M	M	0.9	0.1	Maastricht	Europe	7T	SIEMENS	Magnetom classic	method study	vision	other-used		GRASE is better than GE-BOLD, there are orientation columsn in V5		1
BOLD specificity and dynamics evaluated in humans at 7 T: comparing gradient-echo and spin-echo hemodynamic responses.	Siero, Jeroen C W Ramsey, Nick F Hoogduin, Hans Klomp, Dennis W J Luijten, Peter R Petridou, Natalia	2013	PloS one		M	W	0.77	0.23	Utrecht	Europe	7T	Philips	Achieva	method study	vision	other-used		in deep layers GE-signal comes from micro vessels		1
Layer-specific fMRI reflects different neuronal computations at different depths in human V1.	Olman, Cheryl Harel, Noam Feinberg, David a He, Sheng Zhang, Peng Ugurbil, Kâmil Yacoub, Essa	2012	PloS one		W	M	0.94	0.06	Minneapolis	America	7T	SIEMENS	Magnetom classic	application study	vision	other-used		P cell stimulation response is larger in superficial layers		1
Multi-echo fMRI of the cortical laminae in humans at 7 T	Koopmans, Peter J Barth, Markus Orzada, Stephan Norris, David G	2011	NeuroImage	http://dx.doi.org/10.1016/j.neuroimage.2011.02.042	M	M	0.86	0.14	Nijmegen/Essen	Europe	7T	SIEMENS	Magnetom classic	method study	vision	BOLD-only		layer profiles are modulated for different echo times		1
Cortical depth-dependent temporal dynamics of the BOLD response in the human brain.	Siero, Jeroen C W Petridou, Natalia Hoogduin, Hans Luijten, Peter R Ramsey, Nick F	2011	JCBFM		M	M	0.87	0.13	Utrecht	Europe	7T	Philips	Achieva	method study	vision	BOLD-only		HRF is different across depths		1
Identifying common-source driven correlations in resting-state fMRI via laminar-specific analysis in the human visual cortex	Polimeni, Jon R Witzel, T Fischl, B Greve, Douglas N Wald, Lawrence L	2010	ISMRM	https://archive.ismrm.org/2010/0353.html	M	M	0.77	0.23	Boston	America	7T	SIEMENS	Magnetom classic	application study	vision	BOLD-only		resting-state connectivity is indicative fo information flow direction		0
Laminar analysis of 7T BOLD using an imposed spatial activation pattern in human V1.	Polimeni, Jonathan R Fischl, Bruce Greve, Douglas N Wald, Lawrence L	2010	NeuroImage		M	M	0.9	0.1	Boston	America	7T	SIEMENS	Magnetom classic	method study	vision	other-discussed		Deeper layers are more specific, while upper layers are more sensitive		1
Layer-specific BOLD activation in human V1	Koopmans, Peter J Barth, Markus Norris, David G	2010	HBM	http://dx.doi.org/10.1002/hbm.20936.	M	M	0.86	0.14	Nijmegen/Essen	Europe	3T	SIEMENS	Magnetom classic	method study	vision	other-discussed		There is a bunp in layer 4		1
Cortical depth dependence and implications on the neuronal specificity of the functional apparent diffusion coefficient contrast	Truong, Trong Kha Song, Allen W.	2009	NeuroImage	http://dx.doi.org/10.1016/j.neuroimage.2009.04.045	M	M	1	0	London OT	America	4T	Varian	INOVA	method study	vision	other-used		diffusion fMRI is more specific than SE-BOLD		1
Feasibility of detecting differential layer specific activations in humans using SE BOLD fMRI at 7 T	Yacoub, E Ugurbil, K Olman, C	2009	ISMRM	https://cds.ismrm.org/protected/09MProceedings/PDFfiles/01607.pdf	M	W	0.87	0.13	Minneapolis	America	7T	SIEMENS	Magnetom classic	method study	vision	other-used		SE-BOLD might provide inditations of depth-dependent signal changes		0
The effect of large veins on spatial localization with GE BOLD at 3T: Displacement, not blurring	Olman, Cheryl A. Inati, Souheil Heeger, David J.	2007	NeuroImage	http://dx.doi.org/10.1016/j.neuroimage.2006.08.045	W	M	0.93	0.07	Minneapolis	America	3T	SIEMENS	Magnetom classic	method study	vision	other-discussed		with GE-EPI pial veins distort local signal 		1
Laminar profiles of functional activity in the human brain.	Ress, David Glover, Gary H Liu, Junjie Wandell, Brian	2007	NeuroImage	http://dx.doi.org/10.1016/j.neuroimage.2006.08.020	M	M	0.89	0.11	Providence	America	3T			method study	vision	BOLD-only		There might be layer 4 and seperable activity in pial veins		1
High resolution fMRI using 3D-EPI	Gati, J S Menon, R S	2002	ISMRM	https://drive.google.com/file/d/0B53IozaJTqiWVFZTQThCbUFOTU0/view?usp=sharing&resourcekey=0-0dpr1JdI330-HYz-iucILg	M	M	1	0	London OT	America	4T	Varian	INOVA	method study	vision	BOLD-only		3D-EPI can give you 0.375 x2mm resolution		0
Submillimeter functional localization in human striate cortex using BOLD contrast at 4 Tesla: Implications for the vascular point-spread function	Menon, Ravi S. Goodyear, Bradley G.	1999	MRM	https://doi.org/10.1002/(sici)1522-2594(199902)41:2%3C230::aid-mrm3%3E3.0.co;2-o	M	M	0.93	0.07	London OT	America	4T	Varian	INOVA	method study	vision	BOLD-only				1
Ocular dominance in human V1 demonstrated by functional magnetic resonance imaging	Menon, Ravi S. Ogawa, Seiji Strupp, John P. Uǧurbil, Kâmil	1997	Journal of Neurophysiology	https://doi.org/10.1152/jn.1997.77.5.2780	M	M	1	0	London OT	America	4T	Varian	INOVA	method study	vision	BOLD-only				1